participant.id_in_session,participant.code,participant.label,participant._is_bot,participant._index_in_pages,participant._max_page_index,participant._current_app_name,participant._current_page_name,participant.time_started_utc,participant.visited,participant.mturk_worker_id,participant.mturk_assignment_id,participant.payoff,player.id_in_group,player.role,player.payoff,player.role_set,player.bid_amount,player.is_winner,player.item_private_value,player.item_common_value_signal,player.item_common_value,player.item_both_value,player.item_final_value,player.money_earned,player.max_bid,player.min_bid,player.retake,player.bid_amount1,player.bid_amount2,group.id_in_subsession,group.common_value,group.highest_bid,subsession.round_number,subsession.is_practice_round,subsession.total_rounds,subsession.real_rounds,subsession.auction,subsession.switch_group,subsession.switch_type,subsession.a,subsession.b,subsession.c,subsession.d,subsession.endowment,subsession.red_bid,session.code,session.label,session.mturk_HITId,session.mturk_HITGroupId,session.comment,session.is_demo
1,zc6zf0b2,leeps_15,0,312,650,common_value_auction,FinalPage,07:45.4,1,,,3021,1,,0,auctioneer,0,0,89,80,86,175,86,0,125,75,0,,,1,86,110,1,1,24,20,common,0,1,75,125,75,125,150,0,12ztlwsb,,,,,0
2,y1ysnpmf,leeps_6,0,312,650,common_value_auction,FinalPage,07:46.7,1,,,3006,2,,0,bidder,85,0,87,83,86,173,86,0,125,75,0,,,1,86,110,1,1,24,20,common,0,1,75,125,75,125,150,0,12ztlwsb,,,,,0
3,2i4f5k6y,leeps_4,0,312,650,common_value_auction,FinalPage,07:46.8,1,,,2762,3,,0,bidder,110,1,110,97,86,196,86,0,125,75,0,,,1,86,110,1,1,24,20,common,0,1,75,125,75,125,150,0,12ztlwsb,,,,,0
4,hsrzvl0w,leeps_8,0,312,650,common_value_auction,FinalPage,07:47.5,1,,,2994,1,,0,auctioneer,100,1,117,104,107,224,107,0,125,75,0,,,2,107,100,1,1,24,20,common,0,1,75,125,75,125,150,0,12ztlwsb,,,,,0
5,kr07nj36,leeps_11,0,312,650,common_value_auction,FinalPage,07:48.8,1,,,2922,2,,0,bidder,95,0,111,95,107,218,107,0,125,75,0,,,2,107,100,1,1,24,20,common,0,1,75,125,75,125,150,0,12ztlwsb,,,,,0
6,eew7caar,leeps_3,0,312,650,common_value_auction,FinalPage,07:50.8,1,,,2851,3,,0,bidder,0,0,101,123,107,208,107,0,125,75,0,,,2,107,100,1,1,24,20,common,0,1,75,125,75,125,150,0,12ztlwsb,,,,,0
7,fjq15ntv,leeps_14,0,312,650,common_value_auction,FinalPage,07:52.8,1,,,2915,1,,0,auctioneer,0,0,124,98,86,210,86,0,125,75,0,,,3,86,78,1,1,24,20,common,0,1,75,125,75,125,150,0,12ztlwsb,,,,,0
8,3g5zkmgk,leeps_2,0,312,650,common_value_auction,FinalPage,07:53.4,1,,,2773,2,,0,bidder,78,1,78,75,86,164,86,0,125,75,0,,,3,86,78,1,1,24,20,common,0,1,75,125,75,125,150,0,12ztlwsb,,,,,0
9,kykk50n7,leeps_10,0,312,650,common_value_auction,FinalPage,07:53.5,1,,,2912,3,,0,bidder,76,0,115,85,86,201,86,0,125,75,0,,,3,86,78,1,1,24,20,common,0,1,75,125,75,125,150,0,12ztlwsb,,,,,0
10,1g5dj5yw,leeps_5,0,312,650,common_value_auction,FinalPage,08:00.7,1,,,2887,1,,0,auctioneer,100,1,86,112,93,179,93,0,125,75,0,,,4,93,100,1,1,24,20,common,0,1,75,125,75,125,150,0,12ztlwsb,,,,,0
11,mt2nc6db,leeps_9,0,312,650,common_value_auction,FinalPage,08:01.5,1,,,2928,2,,0,bidder,89,0,111,92,93,204,93,0,125,75,0,,,4,93,100,1,1,24,20,common,0,1,75,125,75,125,150,0,12ztlwsb,,,,,0
12,409zmgnj,leeps_7,0,312,650,common_value_auction,FinalPage,08:04.9,1,,,2851,3,,0,bidder,90,0,122,77,93,215,93,0,125,75,0,,,4,93,100,1,1,24,20,common,0,1,75,125,75,125,150,0,12ztlwsb,,,,,0
13,ylagaewl,leeps_13,0,312,650,common_value_auction,FinalPage,08:18.9,1,,,2635,1,,0,auctioneer,100,0,95,88,97,192,97,0,125,75,0,,,5,97,100,1,1,24,20,common,0,1,75,125,75,125,150,0,12ztlwsb,,,,,0
14,7zyfm0zz,leeps_12,0,312,650,common_value_auction,FinalPage,08:22.5,1,,,3013,2,,0,bidder,100,1,108,117,97,205,97,0,125,75,0,,,5,97,100,1,1,24,20,common,0,1,75,125,75,125,150,0,12ztlwsb,,,,,0
15,vi4wje2c,leeps_1,0,312,650,common_value_auction,FinalPage,08:42.5,1,,,2911,3,,0,bidder,0,0,93,88,97,190,97,0,125,75,0,,,5,97,100,1,1,24,20,common,0,1,75,125,75,125,150,0,12ztlwsb,,,,,0
1,zc6zf0b2,leeps_15,0,312,650,common_value_auction,FinalPage,07:45.4,1,,,3021,2,,0,bidder,80,0,122,84,92,214,92,0,125,75,0,,,1,92,110,2,1,24,20,common,0,1,75,125,75,125,150,0,12ztlwsb,,,,,0
2,y1ysnpmf,leeps_6,0,312,650,common_value_auction,FinalPage,07:46.7,1,,,3006,1,,0,auctioneer,87,0,88,95,92,180,92,0,125,75,0,,,1,92,110,2,1,24,20,common,0,1,75,125,75,125,150,0,12ztlwsb,,,,,0
3,2i4f5k6y,leeps_4,0,312,650,common_value_auction,FinalPage,07:46.8,1,,,2762,3,,0,bidder,110,1,85,99,92,177,92,0,125,75,0,,,1,92,110,2,1,24,20,common,0,1,75,125,75,125,150,0,12ztlwsb,,,,,0
4,hsrzvl0w,leeps_8,0,312,650,common_value_auction,FinalPage,07:47.5,1,,,2994,3,,0,bidder,102,0,77,113,112,189,112,0,125,75,0,,,2,112,115,2,1,24,20,common,0,1,75,125,75,125,150,0,12ztlwsb,,,,,0
5,kr07nj36,leeps_11,0,312,650,common_value_auction,FinalPage,07:48.8,1,,,2922,1,,0,auctioneer,115,1,81,111,112,193,112,0,125,75,0,,,2,112,115,2,1,24,20,common,0,1,75,125,75,125,150,0,12ztlwsb,,,,,0
6,eew7caar,leeps_3,0,312,650,common_value_auction,FinalPage,07:50.8,1,,,2851,2,,0,bidder,100,0,106,112,112,218,112,0,125,75,0,,,2,112,115,2,1,24,20,common,0,1,75,125,75,125,150,0,12ztlwsb,,,,,0
7,fjq15ntv,leeps_14,0,312,650,common_value_auction,FinalPage,07:52.8,1,,,2915,2,,0,bidder,80,0,121,78,94,215,94,0,125,75,0,,,3,94,89,2,1,24,20,common,0,1,75,125,75,125,150,0,12ztlwsb,,,,,0
8,3g5zkmgk,leeps_2,0,312,650,common_value_auction,FinalPage,07:53.4,1,,,2773,3,,0,bidder,89,1,94,119,94,188,94,0,125,75,0,,,3,94,89,2,1,24,20,common,0,1,75,125,75,125,150,0,12ztlwsb,,,,,0
9,kykk50n7,leeps_10,0,312,650,common_value_auction,FinalPage,07:53.5,1,,,2912,1,,0,auctioneer,87,0,83,87,94,177,94,0,125,75,0,,,3,94,89,2,1,24,20,common,0,1,75,125,75,125,150,0,12ztlwsb,,,,,0
10,1g5dj5yw,leeps_5,0,312,650,common_value_auction,FinalPage,08:00.7,1,,,2887,2,,0,bidder,95,0,124,119,93,217,93,0,125,75,0,,,4,93,101,2,1,24,20,common,0,1,75,125,75,125,150,0,12ztlwsb,,,,,0
11,mt2nc6db,leeps_9,0,312,650,common_value_auction,FinalPage,08:01.5,1,,,2928,3,,0,bidder,101,1,122,82,93,215,93,0,125,75,0,,,4,93,101,2,1,24,20,common,0,1,75,125,75,125,150,0,12ztlwsb,,,,,0
12,409zmgnj,leeps_7,0,312,650,common_value_auction,FinalPage,08:04.9,1,,,2851,1,,0,auctioneer,89,0,113,79,93,206,93,0,125,75,0,,,4,93,101,2,1,24,20,common,0,1,75,125,75,125,150,0,12ztlwsb,,,,,0
13,ylagaewl,leeps_13,0,312,650,common_value_auction,FinalPage,08:18.9,1,,,2635,1,,0,auctioneer,99,1,102,77,80,182,80,0,125,75,0,,,5,80,99,2,1,24,20,common,0,1,75,125,75,125,150,0,12ztlwsb,,,,,0
14,7zyfm0zz,leeps_12,0,312,650,common_value_auction,FinalPage,08:22.5,1,,,3013,3,,0,bidder,91,0,85,76,80,165,80,0,125,75,0,,,5,80,99,2,1,24,20,common,0,1,75,125,75,125,150,0,12ztlwsb,,,,,0
15,vi4wje2c,leeps_1,0,312,650,common_value_auction,FinalPage,08:42.5,1,,,2911,2,,0,bidder,80,0,97,89,80,177,80,0,125,75,0,,,5,80,99,2,1,24,20,common,0,1,75,125,75,125,150,0,12ztlwsb,,,,,0
1,zc6zf0b2,leeps_15,0,312,650,common_value_auction,FinalPage,07:45.4,1,,,3021,2,,0,bidder,190,0,114,79,93,207,207,0,250,150,0,,,1,93,240,3,1,24,20,both,0,1,75,125,75,125,150,0,12ztlwsb,,,,,0
2,y1ysnpmf,leeps_6,0,312,650,common_value_auction,FinalPage,07:46.7,1,,,3006,1,,0,auctioneer,160,0,83,90,93,176,176,0,250,150,0,,,1,93,240,3,1,24,20,both,0,1,75,125,75,125,150,0,12ztlwsb,,,,,0
3,2i4f5k6y,leeps_4,0,312,650,common_value_auction,FinalPage,07:46.8,1,,,2762,3,,0,bidder,240,1,98,111,93,191,191,0,250,150,0,,,1,93,240,3,1,24,20,both,0,1,75,125,75,125,150,0,12ztlwsb,,,,,0
4,hsrzvl0w,leeps_8,0,312,650,common_value_auction,FinalPage,07:47.5,1,,,2994,2,,0,bidder,209,0,119,77,83,202,202,0,250,150,0,,,2,83,220,3,1,24,20,both,0,1,75,125,75,125,150,0,12ztlwsb,,,,,0
5,kr07nj36,leeps_11,0,312,650,common_value_auction,FinalPage,07:48.8,1,,,2922,3,,0,bidder,160,0,97,80,83,180,180,0,250,150,0,,,2,83,220,3,1,24,20,both,0,1,75,125,75,125,150,0,12ztlwsb,,,,,0
6,eew7caar,leeps_3,0,312,650,common_value_auction,FinalPage,07:50.8,1,,,2851,1,,0,auctioneer,220,1,77,92,83,160,160,0,250,150,0,,,2,83,220,3,1,24,20,both,0,1,75,125,75,125,150,0,12ztlwsb,,,,,0
7,fjq15ntv,leeps_14,0,312,650,common_value_auction,FinalPage,07:52.8,1,,,2915,1,,0,auctioneer,210,1,111,97,96,207,207,0,250,150,0,,,3,96,210,3,1,24,20,both,0,1,75,125,75,125,150,0,12ztlwsb,,,,,0
8,3g5zkmgk,leeps_2,0,312,650,common_value_auction,FinalPage,07:53.4,1,,,2773,2,,0,bidder,0,0,114,77,96,210,210,0,250,150,0,,,3,96,210,3,1,24,20,both,0,1,75,125,75,125,150,0,12ztlwsb,,,,,0
9,kykk50n7,leeps_10,0,312,650,common_value_auction,FinalPage,07:53.5,1,,,2912,3,,0,bidder,160,0,95,116,96,191,191,0,250,150,0,,,3,96,210,3,1,24,20,both,0,1,75,125,75,125,150,0,12ztlwsb,,,,,0
10,1g5dj5yw,leeps_5,0,312,650,common_value_auction,FinalPage,08:00.7,1,,,2887,2,,0,bidder,200,0,116,108,100,216,216,0,250,150,0,,,4,100,228,3,1,24,20,both,0,1,75,125,75,125,150,0,12ztlwsb,,,,,0
11,mt2nc6db,leeps_9,0,312,650,common_value_auction,FinalPage,08:01.5,1,,,2928,3,,0,bidder,183,0,81,83,100,181,181,0,250,150,0,,,4,100,228,3,1,24,20,both,0,1,75,125,75,125,150,0,12ztlwsb,,,,,0
12,409zmgnj,leeps_7,0,312,650,common_value_auction,FinalPage,08:04.9,1,,,2851,1,,0,auctioneer,228,1,87,109,100,187,187,0,250,150,0,,,4,100,228,3,1,24,20,both,0,1,75,125,75,125,150,0,12ztlwsb,,,,,0
13,ylagaewl,leeps_13,0,312,650,common_value_auction,FinalPage,08:18.9,1,,,2635,2,,0,bidder,230,1,97,116,109,206,206,0,250,150,0,,,5,109,230,3,1,24,20,both,0,1,75,125,75,125,150,0,12ztlwsb,,,,,0
14,7zyfm0zz,leeps_12,0,312,650,common_value_auction,FinalPage,08:22.5,1,,,3013,3,,0,bidder,157,0,93,104,109,202,202,0,250,150,0,,,5,109,230,3,1,24,20,both,0,1,75,125,75,125,150,0,12ztlwsb,,,,,0
15,vi4wje2c,leeps_1,0,312,650,common_value_auction,FinalPage,08:42.5,1,,,2911,1,,0,auctioneer,150,0,95,107,109,204,204,0,250,150,0,,,5,109,230,3,1,24,20,both,0,1,75,125,75,125,150,0,12ztlwsb,,,,,0
1,zc6zf0b2,leeps_15,0,312,650,common_value_auction,FinalPage,07:45.4,1,,,3021,3,,0,bidder,170,0,93,80,84,177,177,0,250,150,0,,,1,84,170,4,1,24,20,both,0,1,75,125,75,125,150,0,12ztlwsb,,,,,0
2,y1ysnpmf,leeps_6,0,312,650,common_value_auction,FinalPage,07:46.7,1,,,3006,2,,0,bidder,151,0,75,87,84,159,159,0,250,150,0,,,1,84,170,4,1,24,20,both,0,1,75,125,75,125,150,0,12ztlwsb,,,,,0
3,2i4f5k6y,leeps_4,0,312,650,common_value_auction,FinalPage,07:46.8,1,,,2762,1,,0,auctioneer,170,1,120,85,84,204,204,0,250,150,0,,,1,84,170,4,1,24,20,both,0,1,75,125,75,125,150,0,12ztlwsb,,,,,0
4,hsrzvl0w,leeps_8,0,312,650,common_value_auction,FinalPage,07:47.5,1,,,2994,3,,0,bidder,202,1,79,75,78,157,157,0,250,150,0,,,2,78,202,4,1,24,20,both,0,1,75,125,75,125,150,0,12ztlwsb,,,,,0
5,kr07nj36,leeps_11,0,312,650,common_value_auction,FinalPage,07:48.8,1,,,2922,1,,0,auctioneer,180,0,79,77,78,157,157,0,250,150,0,,,2,78,202,4,1,24,20,both,0,1,75,125,75,125,150,0,12ztlwsb,,,,,0
6,eew7caar,leeps_3,0,312,650,common_value_auction,FinalPage,07:50.8,1,,,2851,2,,0,bidder,200,0,90,84,78,168,168,0,250,150,0,,,2,78,202,4,1,24,20,both,0,1,75,125,75,125,150,0,12ztlwsb,,,,,0
7,fjq15ntv,leeps_14,0,312,650,common_value_auction,FinalPage,07:52.8,1,,,2915,3,,0,bidder,200,1,93,112,104,197,197,0,250,150,0,,,3,104,200,4,1,24,20,both,0,1,75,125,75,125,150,0,12ztlwsb,,,,,0
8,3g5zkmgk,leeps_2,0,312,650,common_value_auction,FinalPage,07:53.4,1,,,2773,2,,0,bidder,0,0,86,91,104,190,190,0,250,150,0,,,3,104,200,4,1,24,20,both,0,1,75,125,75,125,150,0,12ztlwsb,,,,,0
9,kykk50n7,leeps_10,0,312,650,common_value_auction,FinalPage,07:53.5,1,,,2912,1,,0,auctioneer,180,0,75,109,104,179,179,0,250,150,0,,,3,104,200,4,1,24,20,both,0,1,75,125,75,125,150,0,12ztlwsb,,,,,0
10,1g5dj5yw,leeps_5,0,312,650,common_value_auction,FinalPage,08:00.7,1,,,2887,3,,0,bidder,230,0,105,121,105,210,210,0,250,150,0,,,4,105,233,4,1,24,20,both,0,1,75,125,75,125,150,0,12ztlwsb,,,,,0
11,mt2nc6db,leeps_9,0,312,650,common_value_auction,FinalPage,08:01.5,1,,,2928,1,,0,auctioneer,233,1,102,94,105,207,207,0,250,150,0,,,4,105,233,4,1,24,20,both,0,1,75,125,75,125,150,0,12ztlwsb,,,,,0
12,409zmgnj,leeps_7,0,312,650,common_value_auction,FinalPage,08:04.9,1,,,2851,2,,0,bidder,223,0,88,102,105,193,193,0,250,150,0,,,4,105,233,4,1,24,20,both,0,1,75,125,75,125,150,0,12ztlwsb,,,,,0
13,ylagaewl,leeps_13,0,312,650,common_value_auction,FinalPage,08:18.9,1,,,2635,1,,0,auctioneer,188,0,105,81,104,209,209,0,250,150,0,,,5,104,200,4,1,24,20,both,0,1,75,125,75,125,150,0,12ztlwsb,,,,,0
14,7zyfm0zz,leeps_12,0,312,650,common_value_auction,FinalPage,08:22.5,1,,,3013,3,,0,bidder,170,0,90,109,104,194,194,0,250,150,0,,,5,104,200,4,1,24,20,both,0,1,75,125,75,125,150,0,12ztlwsb,,,,,0
15,vi4wje2c,leeps_1,0,312,650,common_value_auction,FinalPage,08:42.5,1,,,2911,2,,0,bidder,200,1,123,124,104,227,227,0,250,150,0,,,5,104,200,4,1,24,20,both,0,1,75,125,75,125,150,0,12ztlwsb,,,,,0
1,zc6zf0b2,leeps_15,0,312,650,common_value_auction,FinalPage,07:45.4,1,,,3021,2,,150,bidder,85,0,89,91,87,176,87,0,125,75,0,,,2,87,115,5,0,24,20,common,1,1,75,125,75,125,150,0,12ztlwsb,,,,,0
2,y1ysnpmf,leeps_6,0,312,650,common_value_auction,FinalPage,07:46.7,1,,,3006,2,,150,bidder,91,0,116,98,97,213,97,0,125,75,0,,,3,97,114,5,0,24,20,common,1,1,75,125,75,125,150,0,12ztlwsb,,,,,0
3,2i4f5k6y,leeps_4,0,312,650,common_value_auction,FinalPage,07:46.8,1,,,2762,3,,150,bidder,110,0,107,83,86,193,86,0,125,75,0,,,1,86,115,5,0,24,20,common,1,1,75,125,75,125,150,0,12ztlwsb,,,,,0
4,hsrzvl0w,leeps_8,0,312,650,common_value_auction,FinalPage,07:47.5,1,,,2994,1,,150,auctioneer,86,0,94,77,93,187,93,0,125,75,0,,,4,93,106,5,0,24,20,common,1,1,75,125,75,125,150,0,12ztlwsb,,,,,0
5,kr07nj36,leeps_11,0,312,650,common_value_auction,FinalPage,07:48.8,1,,,2922,3,,122,bidder,115,1,111,89,87,198,87,0,125,75,0,,,2,87,115,5,0,24,20,common,1,1,75,125,75,125,150,0,12ztlwsb,,,,,0
6,eew7caar,leeps_3,0,312,650,common_value_auction,FinalPage,07:50.8,1,,,2851,1,,150,auctioneer,105,0,117,81,87,204,87,0,125,75,0,,,2,87,115,5,0,24,20,common,1,1,75,125,75,125,150,0,12ztlwsb,,,,,0
7,fjq15ntv,leeps_14,0,312,650,common_value_auction,FinalPage,07:52.8,1,,,2915,2,,150,bidder,91,0,96,89,86,182,86,0,125,75,0,,,1,86,115,5,0,24,20,common,1,1,75,125,75,125,150,0,12ztlwsb,,,,,0
8,3g5zkmgk,leeps_2,0,312,650,common_value_auction,FinalPage,07:53.4,1,,,2773,1,,133,auctioneer,114,1,85,113,97,182,97,0,125,75,0,,,3,97,114,5,0,24,20,common,1,1,75,125,75,125,150,0,12ztlwsb,,,,,0
9,kykk50n7,leeps_10,0,312,650,common_value_auction,FinalPage,07:53.5,1,,,2912,2,,136,bidder,110,1,120,87,96,216,96,0,125,75,0,,,5,96,110,5,0,24,20,common,1,1,75,125,75,125,150,0,12ztlwsb,,,,,0
10,1g5dj5yw,leeps_5,0,312,650,common_value_auction,FinalPage,08:00.7,1,,,2887,3,,150,bidder,100,0,120,102,96,216,96,0,125,75,0,,,5,96,110,5,0,24,20,common,1,1,75,125,75,125,150,0,12ztlwsb,,,,,0
11,mt2nc6db,leeps_9,0,312,650,common_value_auction,FinalPage,08:01.5,1,,,2928,3,,150,bidder,85,0,93,91,93,186,93,0,125,75,0,,,4,93,106,5,0,24,20,common,1,1,75,125,75,125,150,0,12ztlwsb,,,,,0
12,409zmgnj,leeps_7,0,312,650,common_value_auction,FinalPage,08:04.9,1,,,2851,1,,121,auctioneer,115,1,80,86,86,166,86,0,125,75,0,,,1,86,115,5,0,24,20,common,1,1,75,125,75,125,150,0,12ztlwsb,,,,,0
13,ylagaewl,leeps_13,0,312,650,common_value_auction,FinalPage,08:18.9,1,,,2635,3,,150,bidder,110,0,122,82,97,219,97,0,125,75,0,,,3,97,114,5,0,24,20,common,1,1,75,125,75,125,150,0,12ztlwsb,,,,,0
14,7zyfm0zz,leeps_12,0,312,650,common_value_auction,FinalPage,08:22.5,1,,,3013,2,,137,bidder,106,1,114,111,93,207,93,0,125,75,0,,,4,93,106,5,0,24,20,common,1,1,75,125,75,125,150,0,12ztlwsb,,,,,0
15,vi4wje2c,leeps_1,0,312,650,common_value_auction,FinalPage,08:42.5,1,,,2911,1,,150,auctioneer,100,0,111,101,96,207,96,0,125,75,0,,,5,96,110,5,0,24,20,common,1,1,75,125,75,125,150,0,12ztlwsb,,,,,0
1,zc6zf0b2,leeps_15,0,312,650,common_value_auction,FinalPage,07:45.4,1,,,3021,1,,150,auctioneer,85,0,78,93,97,175,97,0,125,75,0,,,3,97,117,6,0,24,20,common,1,1,75,125,75,125,150,0,12ztlwsb,,,,,0
2,y1ysnpmf,leeps_6,0,312,650,common_value_auction,FinalPage,07:46.7,1,,,3006,3,,150,bidder,82,0,102,87,100,202,100,0,125,75,0,,,4,100,120,6,0,24,20,common,1,1,75,125,75,125,150,0,12ztlwsb,,,,,0
3,2i4f5k6y,leeps_4,0,312,650,common_value_auction,FinalPage,07:46.8,1,,,2762,1,,135,auctioneer,120,1,117,122,105,222,105,0,125,75,0,,,5,105,120,6,0,24,20,common,1,1,75,125,75,125,150,0,12ztlwsb,,,,,0
4,hsrzvl0w,leeps_8,0,312,650,common_value_auction,FinalPage,07:47.5,1,,,2994,3,,150,bidder,98,0,120,81,105,225,105,0,125,75,0,,,5,105,120,6,0,24,20,common,1,1,75,125,75,125,150,0,12ztlwsb,,,,,0
5,kr07nj36,leeps_11,0,312,650,common_value_auction,FinalPage,07:48.8,1,,,2922,3,,150,bidder,100,0,86,101,107,193,107,0,125,75,0,,,1,107,118,6,0,24,20,common,1,1,75,125,75,125,150,0,12ztlwsb,,,,,0
6,eew7caar,leeps_3,0,312,650,common_value_auction,FinalPage,07:50.8,1,,,2851,2,,139,bidder,118,1,95,106,107,202,107,0,125,75,0,,,1,107,118,6,0,24,20,common,1,1,75,125,75,125,150,0,12ztlwsb,,,,,0
7,fjq15ntv,leeps_14,0,312,650,common_value_auction,FinalPage,07:52.8,1,,,2915,2,,124,bidder,120,1,96,110,94,190,94,0,125,75,0,,,2,94,120,6,0,24,20,common,1,1,75,125,75,125,150,0,12ztlwsb,,,,,0
8,3g5zkmgk,leeps_2,0,312,650,common_value_auction,FinalPage,07:53.4,1,,,2773,3,,130,bidder,117,1,92,102,97,189,97,0,125,75,0,,,3,97,117,6,0,24,20,common,1,1,75,125,75,125,150,0,12ztlwsb,,,,,0
9,kykk50n7,leeps_10,0,312,650,common_value_auction,FinalPage,07:53.5,1,,,2912,1,,150,auctioneer,107,0,78,114,107,185,107,0,125,75,0,,,1,107,118,6,0,24,20,common,1,1,75,125,75,125,150,0,12ztlwsb,,,,,0
10,1g5dj5yw,leeps_5,0,312,650,common_value_auction,FinalPage,08:00.7,1,,,2887,2,,150,bidder,90,0,116,114,105,221,105,0,125,75,0,,,5,105,120,6,0,24,20,common,1,1,75,125,75,125,150,0,12ztlwsb,,,,,0
11,mt2nc6db,leeps_9,0,312,650,common_value_auction,FinalPage,08:01.5,1,,,2928,1,,150,auctioneer,94,0,115,76,94,209,94,0,125,75,0,,,2,94,120,6,0,24,20,common,1,1,75,125,75,125,150,0,12ztlwsb,,,,,0
12,409zmgnj,leeps_7,0,312,650,common_value_auction,FinalPage,08:04.9,1,,,2851,2,,130,bidder,120,1,107,122,100,207,100,0,125,75,0,,,4,100,120,6,0,24,20,common,1,1,75,125,75,125,150,0,12ztlwsb,,,,,0
13,ylagaewl,leeps_13,0,312,650,common_value_auction,FinalPage,08:18.9,1,,,2635,2,,150,bidder,100,0,114,97,97,211,97,0,125,75,0,,,3,97,117,6,0,24,20,common,1,1,75,125,75,125,150,0,12ztlwsb,,,,,0
14,7zyfm0zz,leeps_12,0,312,650,common_value_auction,FinalPage,08:22.5,1,,,3013,3,,150,bidder,99,0,118,97,94,212,94,0,125,75,0,,,2,94,120,6,0,24,20,common,1,1,75,125,75,125,150,0,12ztlwsb,,,,,0
15,vi4wje2c,leeps_1,0,312,650,common_value_auction,FinalPage,08:42.5,1,,,2911,1,,150,auctioneer,110,0,101,91,100,201,100,0,125,75,0,,,4,100,120,6,0,24,20,common,1,1,75,125,75,125,150,0,12ztlwsb,,,,,0
1,zc6zf0b2,leeps_15,0,312,650,common_value_auction,FinalPage,07:45.4,1,,,3021,3,,150,bidder,86,0,116,76,96,212,96,0,125,75,0,,,5,96,106,7,0,24,20,common,1,1,75,125,75,125,150,0,12ztlwsb,,,,,0
2,y1ysnpmf,leeps_6,0,312,650,common_value_auction,FinalPage,07:46.7,1,,,3006,3,,150,bidder,86,0,90,90,87,177,87,0,125,75,0,,,4,87,111,7,0,24,20,common,1,1,75,125,75,125,150,0,12ztlwsb,,,,,0
3,2i4f5k6y,leeps_4,0,312,650,common_value_auction,FinalPage,07:46.8,1,,,2762,3,,150,bidder,100,0,80,80,95,175,95,0,125,75,0,,,1,95,122,7,0,24,20,common,1,1,75,125,75,125,150,0,12ztlwsb,,,,,0
4,hsrzvl0w,leeps_8,0,312,650,common_value_auction,FinalPage,07:47.5,1,,,2994,1,,150,auctioneer,102,0,93,104,95,188,95,0,125,75,0,,,1,95,122,7,0,24,20,common,1,1,75,125,75,125,150,0,12ztlwsb,,,,,0
5,kr07nj36,leeps_11,0,312,650,common_value_auction,FinalPage,07:48.8,1,,,2922,1,,150,auctioneer,110,0,105,95,102,207,102,0,125,75,0,,,2,102,123,7,0,24,20,common,1,1,75,125,75,125,150,0,12ztlwsb,,,,,0
6,eew7caar,leeps_3,0,312,650,common_value_auction,FinalPage,07:50.8,1,,,2851,1,,140,auctioneer,106,1,116,123,96,212,96,0,125,75,0,,,5,96,106,7,0,24,20,common,1,1,75,125,75,125,150,0,12ztlwsb,,,,,0
7,fjq15ntv,leeps_14,0,312,650,common_value_auction,FinalPage,07:52.8,1,,,2915,2,,150,bidder,100,0,114,91,96,210,96,0,125,75,0,,,5,96,106,7,0,24,20,common,1,1,75,125,75,125,150,0,12ztlwsb,,,,,0
8,3g5zkmgk,leeps_2,0,312,650,common_value_auction,FinalPage,07:53.4,1,,,2773,2,,126,bidder,111,1,117,96,87,204,87,0,125,75,0,,,4,87,111,7,0,24,20,common,1,1,75,125,75,125,150,0,12ztlwsb,,,,,0
9,kykk50n7,leeps_10,0,312,650,common_value_auction,FinalPage,07:53.5,1,,,2912,1,,150,auctioneer,110,0,90,85,100,190,100,0,125,75,0,,,3,100,118,7,0,24,20,common,1,1,75,125,75,125,150,0,12ztlwsb,,,,,0
10,1g5dj5yw,leeps_5,0,312,650,common_value_auction,FinalPage,08:00.7,1,,,2887,3,,150,bidder,115,0,100,93,100,200,100,0,125,75,0,,,3,100,118,7,0,24,20,common,1,1,75,125,75,125,150,0,12ztlwsb,,,,,0
11,mt2nc6db,leeps_9,0,312,650,common_value_auction,FinalPage,08:01.5,1,,,2928,2,,129,bidder,123,1,123,108,102,225,102,0,125,75,0,,,2,102,123,7,0,24,20,common,1,1,75,125,75,125,150,0,12ztlwsb,,,,,0
12,409zmgnj,leeps_7,0,312,650,common_value_auction,FinalPage,08:04.9,1,,,2851,2,,132,bidder,118,1,90,124,100,190,100,0,125,75,0,,,3,100,118,7,0,24,20,common,1,1,75,125,75,125,150,0,12ztlwsb,,,,,0
13,ylagaewl,leeps_13,0,312,650,common_value_auction,FinalPage,08:18.9,1,,,2635,2,,123,bidder,122,1,119,103,95,214,95,0,125,75,0,,,1,95,122,7,0,24,20,common,1,1,75,125,75,125,150,0,12ztlwsb,,,,,0
14,7zyfm0zz,leeps_12,0,312,650,common_value_auction,FinalPage,08:22.5,1,,,3013,1,,150,auctioneer,86,0,100,77,87,187,87,0,125,75,0,,,4,87,111,7,0,24,20,common,1,1,75,125,75,125,150,0,12ztlwsb,,,,,0
15,vi4wje2c,leeps_1,0,312,650,common_value_auction,FinalPage,08:42.5,1,,,2911,3,,150,bidder,110,0,94,104,102,196,102,0,125,75,0,,,2,102,123,7,0,24,20,common,1,1,75,125,75,125,150,0,12ztlwsb,,,,,0
1,zc6zf0b2,leeps_15,0,312,650,common_value_auction,FinalPage,07:45.4,1,,,3021,2,,150,bidder,90,0,121,97,94,215,94,0,125,75,0,,,5,94,110,8,0,24,20,common,1,1,75,125,75,125,150,0,12ztlwsb,,,,,0
2,y1ysnpmf,leeps_6,0,312,650,common_value_auction,FinalPage,07:46.7,1,,,3006,2,,150,bidder,101,0,89,124,95,184,95,0,125,75,0,,,3,95,115,8,0,24,20,common,1,1,75,125,75,125,150,0,12ztlwsb,,,,,0
3,2i4f5k6y,leeps_4,0,312,650,common_value_auction,FinalPage,07:46.8,1,,,2762,3,,150,bidder,120,0,83,105,97,180,97,0,125,75,0,,,1,97,120,8,0,24,20,common,1,1,75,125,75,125,150,0,12ztlwsb,,,,,0
4,hsrzvl0w,leeps_8,0,312,650,common_value_auction,FinalPage,07:47.5,1,,,2994,1,,150,auctioneer,98,0,87,77,97,184,97,0,125,75,0,,,1,97,120,8,0,24,20,common,1,1,75,125,75,125,150,0,12ztlwsb,,,,,0
5,kr07nj36,leeps_11,0,312,650,common_value_auction,FinalPage,07:48.8,1,,,2922,2,,127,bidder,120,1,78,92,97,175,97,0,125,75,0,,,2,97,120,8,0,24,20,common,1,1,75,125,75,125,150,0,12ztlwsb,,,,,0
6,eew7caar,leeps_3,0,312,650,common_value_auction,FinalPage,07:50.8,1,,,2851,1,,145,auctioneer,103,1,97,88,98,195,98,0,125,75,0,,,4,98,103,8,0,24,20,common,1,1,75,125,75,125,150,0,12ztlwsb,,,,,0
7,fjq15ntv,leeps_14,0,312,650,common_value_auction,FinalPage,07:52.8,1,,,2915,3,,150,bidder,110,0,124,101,97,221,97,0,125,75,0,,,2,97,120,8,0,24,20,common,1,1,75,125,75,125,150,0,12ztlwsb,,,,,0
8,3g5zkmgk,leeps_2,0,312,650,common_value_auction,FinalPage,07:53.4,1,,,2773,3,,134,bidder,110,1,104,99,94,198,94,0,125,75,0,,,5,94,110,8,0,24,20,common,1,1,75,125,75,125,150,0,12ztlwsb,,,,,0
9,kykk50n7,leeps_10,0,312,650,common_value_auction,FinalPage,07:53.5,1,,,2912,3,,130,bidder,115,1,76,85,95,171,95,0,125,75,0,,,3,95,115,8,0,24,20,common,1,1,75,125,75,125,150,0,12ztlwsb,,,,,0
10,1g5dj5yw,leeps_5,0,312,650,common_value_auction,FinalPage,08:00.7,1,,,2887,1,,150,auctioneer,85,0,89,100,97,186,97,0,125,75,0,,,2,97,120,8,0,24,20,common,1,1,75,125,75,125,150,0,12ztlwsb,,,,,0
11,mt2nc6db,leeps_9,0,312,650,common_value_auction,FinalPage,08:01.5,1,,,2928,2,,150,bidder,90,0,119,118,98,217,98,0,125,75,0,,,4,98,103,8,0,24,20,common,1,1,75,125,75,125,150,0,12ztlwsb,,,,,0
12,409zmgnj,leeps_7,0,312,650,common_value_auction,FinalPage,08:04.9,1,,,2851,1,,150,auctioneer,110,0,109,77,95,204,95,0,125,75,0,,,3,95,115,8,0,24,20,common,1,1,75,125,75,125,150,0,12ztlwsb,,,,,0
13,ylagaewl,leeps_13,0,312,650,common_value_auction,FinalPage,08:18.9,1,,,2635,2,,127,bidder,120,1,92,109,97,189,97,0,125,75,0,,,1,97,120,8,0,24,20,common,1,1,75,125,75,125,150,0,12ztlwsb,,,,,0
14,7zyfm0zz,leeps_12,0,312,650,common_value_auction,FinalPage,08:22.5,1,,,3013,1,,150,auctioneer,96,0,114,87,94,208,94,0,125,75,0,,,5,94,110,8,0,24,20,common,1,1,75,125,75,125,150,0,12ztlwsb,,,,,0
15,vi4wje2c,leeps_1,0,312,650,common_value_auction,FinalPage,08:42.5,1,,,2911,3,,150,bidder,80,0,75,90,98,173,98,0,125,75,0,,,4,98,103,8,0,24,20,common,1,1,75,125,75,125,150,0,12ztlwsb,,,,,0
1,zc6zf0b2,leeps_15,0,312,650,common_value_auction,FinalPage,07:45.4,1,,,3021,3,,150,bidder,90,0,114,95,100,214,100,0,125,75,0,,,2,100,118,9,0,24,20,common,1,1,75,125,75,125,150,0,12ztlwsb,,,,,0
2,y1ysnpmf,leeps_6,0,312,650,common_value_auction,FinalPage,07:46.7,1,,,3006,3,,150,bidder,96,0,79,103,100,179,100,0,125,75,0,,,3,100,112,9,0,24,20,common,1,1,75,125,75,125,150,0,12ztlwsb,,,,,0
3,2i4f5k6y,leeps_4,0,312,650,common_value_auction,FinalPage,07:46.8,1,,,2762,3,,150,bidder,95,0,102,75,99,201,99,0,125,75,0,,,4,99,110,9,0,24,20,common,1,1,75,125,75,125,150,0,12ztlwsb,,,,,0
4,hsrzvl0w,leeps_8,0,312,650,common_value_auction,FinalPage,07:47.5,1,,,2994,1,,150,auctioneer,103,0,85,114,99,184,99,0,125,75,0,,,4,99,110,9,0,24,20,common,1,1,75,125,75,125,150,0,12ztlwsb,,,,,0
5,kr07nj36,leeps_11,0,312,650,common_value_auction,FinalPage,07:48.8,1,,,2922,2,,132,bidder,118,1,108,97,100,208,100,0,125,75,0,,,2,100,118,9,0,24,20,common,1,1,75,125,75,125,150,0,12ztlwsb,,,,,0
6,eew7caar,leeps_3,0,312,650,common_value_auction,FinalPage,07:50.8,1,,,2851,2,,150,bidder,94,0,111,113,96,207,96,0,125,75,0,,,5,96,119,9,0,24,20,common,1,1,75,125,75,125,150,0,12ztlwsb,,,,,0
7,fjq15ntv,leeps_14,0,312,650,common_value_auction,FinalPage,07:52.8,1,,,2915,1,,138,auctioneer,112,1,99,92,100,199,100,0,125,75,0,,,3,100,112,9,0,24,20,common,1,1,75,125,75,125,150,0,12ztlwsb,,,,,0
8,3g5zkmgk,leeps_2,0,312,650,common_value_auction,FinalPage,07:53.4,1,,,2773,3,,129,bidder,122,1,116,88,101,217,101,0,125,75,0,,,1,101,122,9,0,24,20,common,1,1,75,125,75,125,150,0,12ztlwsb,,,,,0
9,kykk50n7,leeps_10,0,312,650,common_value_auction,FinalPage,07:53.5,1,,,2912,1,,150,auctioneer,112,0,113,112,101,214,101,0,125,75,0,,,1,101,122,9,0,24,20,common,1,1,75,125,75,125,150,0,12ztlwsb,,,,,0
10,1g5dj5yw,leeps_5,0,312,650,common_value_auction,FinalPage,08:00.7,1,,,2887,2,,150,bidder,95,0,121,105,101,222,101,0,125,75,0,,,1,101,122,9,0,24,20,common,1,1,75,125,75,125,150,0,12ztlwsb,,,,,0
11,mt2nc6db,leeps_9,0,312,650,common_value_auction,FinalPage,08:01.5,1,,,2928,2,,139,bidder,110,1,107,108,99,206,99,0,125,75,0,,,4,99,110,9,0,24,20,common,1,1,75,125,75,125,150,0,12ztlwsb,,,,,0
12,409zmgnj,leeps_7,0,312,650,common_value_auction,FinalPage,08:04.9,1,,,2851,3,,127,bidder,119,1,109,97,96,205,96,0,125,75,0,,,5,96,119,9,0,24,20,common,1,1,75,125,75,125,150,0,12ztlwsb,,,,,0
13,ylagaewl,leeps_13,0,312,650,common_value_auction,FinalPage,08:18.9,1,,,2635,1,,150,auctioneer,118,0,78,78,96,174,96,0,125,75,0,,,5,96,119,9,0,24,20,common,1,1,75,125,75,125,150,0,12ztlwsb,,,,,0
14,7zyfm0zz,leeps_12,0,312,650,common_value_auction,FinalPage,08:22.5,1,,,3013,2,,150,bidder,0,0,102,107,100,202,100,0,125,75,0,,,3,100,112,9,0,24,20,common,1,1,75,125,75,125,150,0,12ztlwsb,,,,,0
15,vi4wje2c,leeps_1,0,312,650,common_value_auction,FinalPage,08:42.5,1,,,2911,1,,150,auctioneer,109,0,106,109,100,206,100,0,125,75,0,,,2,100,118,9,0,24,20,common,1,1,75,125,75,125,150,0,12ztlwsb,,,,,0
1,zc6zf0b2,leeps_15,0,312,650,common_value_auction,FinalPage,07:45.4,1,,,3021,3,,150,bidder,185,0,77,119,112,189,189,0,250,150,0,,,4,112,200,10,0,24,20,both,1,1,75,125,75,125,150,0,12ztlwsb,,,,,0
2,y1ysnpmf,leeps_6,0,312,650,common_value_auction,FinalPage,07:46.7,1,,,3006,1,,150,auctioneer,212,0,112,111,108,220,220,0,250,150,0,,,5,108,218,10,0,24,20,both,1,1,75,125,75,125,150,0,12ztlwsb,,,,,0
3,2i4f5k6y,leeps_4,0,312,650,common_value_auction,FinalPage,07:46.8,1,,,2762,2,,150,bidder,190,0,90,99,112,202,202,0,250,150,0,,,4,112,200,10,0,24,20,both,1,1,75,125,75,125,150,0,12ztlwsb,,,,,0
4,hsrzvl0w,leeps_8,0,312,650,common_value_auction,FinalPage,07:47.5,1,,,2994,1,,151,auctioneer,203,1,117,77,87,204,204,0,250,150,0,,,2,87,203,10,0,24,20,both,1,1,75,125,75,125,150,0,12ztlwsb,,,,,0
5,kr07nj36,leeps_11,0,312,650,common_value_auction,FinalPage,07:48.8,1,,,2922,2,,150,bidder,170,0,92,88,89,181,181,0,250,150,0,,,3,89,200,10,0,24,20,both,1,1,75,125,75,125,150,0,12ztlwsb,,,,,0
6,eew7caar,leeps_3,0,312,650,common_value_auction,FinalPage,07:50.8,1,,,2851,2,,150,bidder,196,0,76,97,89,165,165,0,250,150,0,,,1,89,225,10,0,24,20,both,1,1,75,125,75,125,150,0,12ztlwsb,,,,,0
7,fjq15ntv,leeps_14,0,312,650,common_value_auction,FinalPage,07:52.8,1,,,2915,1,,128,auctioneer,200,1,89,85,89,178,178,0,250,150,0,,,3,89,200,10,0,24,20,both,1,1,75,125,75,125,150,0,12ztlwsb,,,,,0
8,3g5zkmgk,leeps_2,0,312,650,common_value_auction,FinalPage,07:53.4,1,,,2773,2,,150,bidder,175,0,102,101,87,189,189,0,250,150,0,,,2,87,203,10,0,24,20,both,1,1,75,125,75,125,150,0,12ztlwsb,,,,,0
9,kykk50n7,leeps_10,0,312,650,common_value_auction,FinalPage,07:53.5,1,,,2912,3,,150,bidder,162,0,118,94,89,207,207,0,250,150,0,,,3,89,200,10,0,24,20,both,1,1,75,125,75,125,150,0,12ztlwsb,,,,,0
10,1g5dj5yw,leeps_5,0,312,650,common_value_auction,FinalPage,08:00.7,1,,,2887,1,,90,auctioneer,225,1,76,75,89,165,165,0,250,150,0,,,1,89,225,10,0,24,20,both,1,1,75,125,75,125,150,0,12ztlwsb,,,,,0
11,mt2nc6db,leeps_9,0,312,650,common_value_auction,FinalPage,08:01.5,1,,,2928,1,,142,auctioneer,200,1,80,120,112,192,192,0,250,150,0,,,4,112,200,10,0,24,20,both,1,1,75,125,75,125,150,0,12ztlwsb,,,,,0
12,409zmgnj,leeps_7,0,312,650,common_value_auction,FinalPage,08:04.9,1,,,2851,3,,150,bidder,195,0,108,85,87,195,195,0,250,150,0,,,2,87,203,10,0,24,20,both,1,1,75,125,75,125,150,0,12ztlwsb,,,,,0
13,ylagaewl,leeps_13,0,312,650,common_value_auction,FinalPage,08:18.9,1,,,2635,3,,123,bidder,218,1,83,100,108,191,191,0,250,150,0,,,5,108,218,10,0,24,20,both,1,1,75,125,75,125,150,0,12ztlwsb,,,,,0
14,7zyfm0zz,leeps_12,0,312,650,common_value_auction,FinalPage,08:22.5,1,,,3013,2,,150,bidder,176,0,80,115,108,188,188,0,250,150,0,,,5,108,218,10,0,24,20,both,1,1,75,125,75,125,150,0,12ztlwsb,,,,,0
15,vi4wje2c,leeps_1,0,312,650,common_value_auction,FinalPage,08:42.5,1,,,2911,3,,150,bidder,200,0,118,95,89,207,207,0,250,150,0,,,1,89,225,10,0,24,20,both,1,1,75,125,75,125,150,0,12ztlwsb,,,,,0
1,zc6zf0b2,leeps_15,0,312,650,common_value_auction,FinalPage,07:45.4,1,,,3021,1,,158,auctioneer,195,1,101,101,102,203,203,0,250,150,0,,,4,102,195,11,0,24,20,both,1,1,75,125,75,125,150,0,12ztlwsb,,,,,0
2,y1ysnpmf,leeps_6,0,312,650,common_value_auction,FinalPage,07:46.7,1,,,3006,1,,153,auctioneer,201,1,109,99,95,204,204,0,250,150,0,,,3,95,201,11,0,24,20,both,1,1,75,125,75,125,150,0,12ztlwsb,,,,,0
3,2i4f5k6y,leeps_4,0,312,650,common_value_auction,FinalPage,07:46.8,1,,,2762,1,,150,auctioneer,200,0,110,108,102,212,212,0,250,150,0,,,5,102,230,11,0,24,20,both,1,1,75,125,75,125,150,0,12ztlwsb,,,,,0
4,hsrzvl0w,leeps_8,0,312,650,common_value_auction,FinalPage,07:47.5,1,,,2994,2,,150,bidder,186,0,75,120,114,189,189,0,250,150,0,,,1,114,235,11,0,24,20,both,1,1,75,125,75,125,150,0,12ztlwsb,,,,,0
5,kr07nj36,leeps_11,0,312,650,common_value_auction,FinalPage,07:48.8,1,,,2922,2,,133,bidder,230,1,111,112,102,213,213,0,250,150,0,,,5,102,230,11,0,24,20,both,1,1,75,125,75,125,150,0,12ztlwsb,,,,,0
6,eew7caar,leeps_3,0,312,650,common_value_auction,FinalPage,07:50.8,1,,,2851,3,,111,bidder,221,1,80,91,102,182,182,0,250,150,0,,,2,102,221,11,0,24,20,both,1,1,75,125,75,125,150,0,12ztlwsb,,,,,0
7,fjq15ntv,leeps_14,0,312,650,common_value_auction,FinalPage,07:52.8,1,,,2915,2,,150,bidder,175,0,115,105,95,210,210,0,250,150,0,,,3,95,201,11,0,24,20,both,1,1,75,125,75,125,150,0,12ztlwsb,,,,,0
8,3g5zkmgk,leeps_2,0,312,650,common_value_auction,FinalPage,07:53.4,1,,,2773,3,,150,bidder,219,0,102,88,102,204,204,0,250,150,0,,,5,102,230,11,0,24,20,both,1,1,75,125,75,125,150,0,12ztlwsb,,,,,0
9,kykk50n7,leeps_10,0,312,650,common_value_auction,FinalPage,07:53.5,1,,,2912,3,,150,bidder,166,0,83,116,102,185,185,0,250,150,0,,,4,102,195,11,0,24,20,both,1,1,75,125,75,125,150,0,12ztlwsb,,,,,0
10,1g5dj5yw,leeps_5,0,312,650,common_value_auction,FinalPage,08:00.7,1,,,2887,2,,150,bidder,178,0,123,112,102,225,225,0,250,150,0,,,2,102,221,11,0,24,20,both,1,1,75,125,75,125,150,0,12ztlwsb,,,,,0
11,mt2nc6db,leeps_9,0,312,650,common_value_auction,FinalPage,08:01.5,1,,,2928,3,,150,bidder,160,0,82,82,95,177,177,0,250,150,0,,,3,95,201,11,0,24,20,both,1,1,75,125,75,125,150,0,12ztlwsb,,,,,0
12,409zmgnj,leeps_7,0,312,650,common_value_auction,FinalPage,08:04.9,1,,,2851,1,,150,auctioneer,200,0,95,105,102,197,197,0,250,150,0,,,2,102,221,11,0,24,20,both,1,1,75,125,75,125,150,0,12ztlwsb,,,,,0
13,ylagaewl,leeps_13,0,312,650,common_value_auction,FinalPage,08:18.9,1,,,2635,2,,150,bidder,188,0,115,91,102,217,217,0,250,150,0,,,4,102,195,11,0,24,20,both,1,1,75,125,75,125,150,0,12ztlwsb,,,,,0
14,7zyfm0zz,leeps_12,0,312,650,common_value_auction,FinalPage,08:22.5,1,,,3013,3,,150,bidder,201,0,98,100,114,212,212,0,250,150,0,,,1,114,235,11,0,24,20,both,1,1,75,125,75,125,150,0,12ztlwsb,,,,,0
15,vi4wje2c,leeps_1,0,312,650,common_value_auction,FinalPage,08:42.5,1,,,2911,1,,153,auctioneer,235,1,124,124,114,238,238,0,250,150,0,,,1,114,235,11,0,24,20,both,1,1,75,125,75,125,150,0,12ztlwsb,,,,,0
1,zc6zf0b2,leeps_15,0,312,650,common_value_auction,FinalPage,07:45.4,1,,,3021,1,,150,auctioneer,170,0,82,92,89,171,171,0,250,150,0,,,1,89,178,12,0,24,20,both,1,1,75,125,75,125,150,0,12ztlwsb,,,,,0
2,y1ysnpmf,leeps_6,0,312,650,common_value_auction,FinalPage,07:46.7,1,,,3006,1,,150,auctioneer,191,0,101,107,96,197,197,0,250,150,0,,,2,96,223,12,0,24,20,both,1,1,75,125,75,125,150,0,12ztlwsb,,,,,0
3,2i4f5k6y,leeps_4,0,312,650,common_value_auction,FinalPage,07:46.8,1,,,2762,1,,151,auctioneer,225,1,117,113,109,226,226,0,250,150,0,,,3,109,225,12,0,24,20,both,1,1,75,125,75,125,150,0,12ztlwsb,,,,,0
4,hsrzvl0w,leeps_8,0,312,650,common_value_auction,FinalPage,07:47.5,1,,,2994,2,,150,bidder,176,0,75,97,89,164,164,0,250,150,0,,,1,89,178,12,0,24,20,both,1,1,75,125,75,125,150,0,12ztlwsb,,,,,0
5,kr07nj36,leeps_11,0,312,650,common_value_auction,FinalPage,07:48.8,1,,,2922,2,,150,bidder,180,0,111,119,111,222,222,0,250,150,0,,,4,111,231,12,0,24,20,both,1,1,75,125,75,125,150,0,12ztlwsb,,,,,0
6,eew7caar,leeps_3,0,312,650,common_value_auction,FinalPage,07:50.8,1,,,2851,3,,150,bidder,205,0,115,93,109,224,224,0,250,150,0,,,3,109,225,12,0,24,20,both,1,1,75,125,75,125,150,0,12ztlwsb,,,,,0
7,fjq15ntv,leeps_14,0,312,650,common_value_auction,FinalPage,07:52.8,1,,,2915,2,,150,bidder,200,0,122,122,109,231,231,0,250,150,0,,,3,109,225,12,0,24,20,both,1,1,75,125,75,125,150,0,12ztlwsb,,,,,0
8,3g5zkmgk,leeps_2,0,312,650,common_value_auction,FinalPage,07:53.4,1,,,2773,1,,142,auctioneer,233,1,112,119,113,225,225,0,250,150,0,,,5,113,233,12,0,24,20,both,1,1,75,125,75,125,150,0,12ztlwsb,,,,,0
9,kykk50n7,leeps_10,0,312,650,common_value_auction,FinalPage,07:53.5,1,,,2912,3,,150,bidder,170,0,81,95,111,192,192,0,250,150,0,,,4,111,231,12,0,24,20,both,1,1,75,125,75,125,150,0,12ztlwsb,,,,,0
10,1g5dj5yw,leeps_5,0,312,650,common_value_auction,FinalPage,08:00.7,1,,,2887,2,,150,bidder,218,0,83,97,113,196,196,0,250,150,0,,,5,113,233,12,0,24,20,both,1,1,75,125,75,125,150,0,12ztlwsb,,,,,0
11,mt2nc6db,leeps_9,0,312,650,common_value_auction,FinalPage,08:01.5,1,,,2928,3,,162,bidder,178,1,101,78,89,190,190,0,250,150,0,,,1,89,178,12,0,24,20,both,1,1,75,125,75,125,150,0,12ztlwsb,,,,,0
12,409zmgnj,leeps_7,0,312,650,common_value_auction,FinalPage,08:04.9,1,,,2851,3,,139,bidder,223,1,116,85,96,212,212,0,250,150,0,,,2,96,223,12,0,24,20,both,1,1,75,125,75,125,150,0,12ztlwsb,,,,,0
13,ylagaewl,leeps_13,0,312,650,common_value_auction,FinalPage,08:18.9,1,,,2635,3,,150,bidder,201,0,103,124,113,216,216,0,250,150,0,,,5,113,233,12,0,24,20,both,1,1,75,125,75,125,150,0,12ztlwsb,,,,,0
14,7zyfm0zz,leeps_12,0,312,650,common_value_auction,FinalPage,08:22.5,1,,,3013,2,,150,bidder,186,0,85,96,96,181,181,0,250,150,0,,,2,96,223,12,0,24,20,both,1,1,75,125,75,125,150,0,12ztlwsb,,,,,0
15,vi4wje2c,leeps_1,0,312,650,common_value_auction,FinalPage,08:42.5,1,,,2911,1,,129,auctioneer,231,1,99,120,111,210,210,0,250,150,0,,,4,111,231,12,0,24,20,both,1,1,75,125,75,125,150,0,12ztlwsb,,,,,0
1,zc6zf0b2,leeps_15,0,312,650,common_value_auction,FinalPage,07:45.4,1,,,3021,1,,150,auctioneer,174,0,85,86,98,183,183,0,250,150,0,,,5,98,211,13,0,24,20,both,1,1,75,125,75,125,150,0,12ztlwsb,,,,,0
2,y1ysnpmf,leeps_6,0,312,650,common_value_auction,FinalPage,07:46.7,1,,,3006,3,,165,bidder,192,1,103,121,104,207,207,0,250,150,0,,,3,104,192,13,0,24,20,both,1,1,75,125,75,125,150,0,12ztlwsb,,,,,0
3,2i4f5k6y,leeps_4,0,312,650,common_value_auction,FinalPage,07:46.8,1,,,2762,2,,150,bidder,160,0,78,75,92,170,170,0,250,150,0,,,2,92,224,13,0,24,20,both,1,1,75,125,75,125,150,0,12ztlwsb,,,,,0
4,hsrzvl0w,leeps_8,0,312,650,common_value_auction,FinalPage,07:47.5,1,,,2994,2,,143,bidder,211,1,106,88,98,204,204,0,250,150,0,,,5,98,211,13,0,24,20,both,1,1,75,125,75,125,150,0,12ztlwsb,,,,,0
5,kr07nj36,leeps_11,0,312,650,common_value_auction,FinalPage,07:48.8,1,,,2922,3,,150,bidder,180,0,82,122,98,180,180,0,250,150,0,,,5,98,211,13,0,24,20,both,1,1,75,125,75,125,150,0,12ztlwsb,,,,,0
6,eew7caar,leeps_3,0,312,650,common_value_auction,FinalPage,07:50.8,1,,,2851,3,,150,bidder,206,0,103,95,97,200,200,0,250,150,0,,,4,97,212,13,0,24,20,both,1,1,75,125,75,125,150,0,12ztlwsb,,,,,0
7,fjq15ntv,leeps_14,0,312,650,common_value_auction,FinalPage,07:52.8,1,,,2915,2,,150,bidder,160,0,86,87,97,183,183,0,250,150,0,,,4,97,212,13,0,24,20,both,1,1,75,125,75,125,150,0,12ztlwsb,,,,,0
8,3g5zkmgk,leeps_2,0,312,650,common_value_auction,FinalPage,07:53.4,1,,,2773,1,,141,auctioneer,224,1,123,91,92,215,215,0,250,150,0,,,2,92,224,13,0,24,20,both,1,1,75,125,75,125,150,0,12ztlwsb,,,,,0
9,kykk50n7,leeps_10,0,312,650,common_value_auction,FinalPage,07:53.5,1,,,2912,3,,150,bidder,190,0,96,112,107,203,203,0,250,150,0,,,1,107,206,13,0,24,20,both,1,1,75,125,75,125,150,0,12ztlwsb,,,,,0
10,1g5dj5yw,leeps_5,0,312,650,common_value_auction,FinalPage,08:00.7,1,,,2887,1,,150,auctioneer,171,0,117,118,107,224,224,0,250,150,0,,,1,107,206,13,0,24,20,both,1,1,75,125,75,125,150,0,12ztlwsb,,,,,0
11,mt2nc6db,leeps_9,0,312,650,common_value_auction,FinalPage,08:01.5,1,,,2928,3,,150,bidder,176,0,103,112,92,195,195,0,250,150,0,,,2,92,224,13,0,24,20,both,1,1,75,125,75,125,150,0,12ztlwsb,,,,,0
12,409zmgnj,leeps_7,0,312,650,common_value_auction,FinalPage,08:04.9,1,,,2851,1,,130,auctioneer,212,1,95,110,97,192,192,0,250,150,0,,,4,97,212,13,0,24,20,both,1,1,75,125,75,125,150,0,12ztlwsb,,,,,0
13,ylagaewl,leeps_13,0,312,650,common_value_auction,FinalPage,08:18.9,1,,,2635,2,,150,bidder,186,0,122,109,104,226,226,0,250,150,0,,,3,104,192,13,0,24,20,both,1,1,75,125,75,125,150,0,12ztlwsb,,,,,0
14,7zyfm0zz,leeps_12,0,312,650,common_value_auction,FinalPage,08:22.5,1,,,3013,2,,162,bidder,206,1,111,93,107,218,218,0,250,150,0,,,1,107,206,13,0,24,20,both,1,1,75,125,75,125,150,0,12ztlwsb,,,,,0
15,vi4wje2c,leeps_1,0,312,650,common_value_auction,FinalPage,08:42.5,1,,,2911,1,,150,auctioneer,175,0,115,82,104,219,219,0,250,150,0,,,3,104,192,13,0,24,20,both,1,1,75,125,75,125,150,0,12ztlwsb,,,,,0
1,zc6zf0b2,leeps_15,0,312,650,common_value_auction,FinalPage,07:45.4,1,,,3021,3,,150,bidder,200,0,111,86,99,210,210,0,250,150,0,,,3,99,230,14,0,24,20,both,1,1,75,125,75,125,150,0,12ztlwsb,,,,,0
2,y1ysnpmf,leeps_6,0,312,650,common_value_auction,FinalPage,07:46.7,1,,,3006,2,,150,bidder,192,0,100,118,112,212,212,0,250,150,0,,,5,112,215,14,0,24,20,both,1,1,75,125,75,125,150,0,12ztlwsb,,,,,0
3,2i4f5k6y,leeps_4,0,312,650,common_value_auction,FinalPage,07:46.8,1,,,2762,2,,97,bidder,225,1,80,83,92,172,172,0,250,150,0,,,4,92,225,14,0,24,20,both,1,1,75,125,75,125,150,0,12ztlwsb,,,,,0
4,hsrzvl0w,leeps_8,0,312,650,common_value_auction,FinalPage,07:47.5,1,,,2994,2,,150,bidder,196,0,104,82,104,208,208,0,250,150,0,,,1,104,211,14,0,24,20,both,1,1,75,125,75,125,150,0,12ztlwsb,,,,,0
5,kr07nj36,leeps_11,0,312,650,common_value_auction,FinalPage,07:48.8,1,,,2922,2,,150,bidder,200,0,123,99,101,224,224,0,250,150,0,,,2,101,220,14,0,24,20,both,1,1,75,125,75,125,150,0,12ztlwsb,,,,,0
6,eew7caar,leeps_3,0,312,650,common_value_auction,FinalPage,07:50.8,1,,,2851,3,,150,bidder,216,0,87,90,101,188,188,0,250,150,0,,,2,101,220,14,0,24,20,both,1,1,75,125,75,125,150,0,12ztlwsb,,,,,0
7,fjq15ntv,leeps_14,0,312,650,common_value_auction,FinalPage,07:52.8,1,,,2915,1,,150,auctioneer,201,0,102,110,99,201,201,0,250,150,0,,,3,99,230,14,0,24,20,both,1,1,75,125,75,125,150,0,12ztlwsb,,,,,0
8,3g5zkmgk,leeps_2,0,312,650,common_value_auction,FinalPage,07:53.4,1,,,2773,3,,150,bidder,222,0,93,95,92,185,185,0,250,150,0,,,4,92,225,14,0,24,20,both,1,1,75,125,75,125,150,0,12ztlwsb,,,,,0
9,kykk50n7,leeps_10,0,312,650,common_value_auction,FinalPage,07:53.5,1,,,2912,1,,129,auctioneer,220,1,98,116,101,199,199,0,250,150,0,,,2,101,220,14,0,24,20,both,1,1,75,125,75,125,150,0,12ztlwsb,,,,,0
10,1g5dj5yw,leeps_5,0,312,650,common_value_auction,FinalPage,08:00.7,1,,,2887,3,,140,bidder,215,1,93,116,112,205,205,0,250,150,0,,,5,112,215,14,0,24,20,both,1,1,75,125,75,125,150,0,12ztlwsb,,,,,0
11,mt2nc6db,leeps_9,0,312,650,common_value_auction,FinalPage,08:01.5,1,,,2928,3,,150,bidder,185,0,113,112,104,217,217,0,250,150,0,,,1,104,211,14,0,24,20,both,1,1,75,125,75,125,150,0,12ztlwsb,,,,,0
12,409zmgnj,leeps_7,0,312,650,common_value_auction,FinalPage,08:04.9,1,,,2851,1,,150,auctioneer,199,0,92,103,112,204,204,0,250,150,0,,,5,112,215,14,0,24,20,both,1,1,75,125,75,125,150,0,12ztlwsb,,,,,0
13,ylagaewl,leeps_13,0,312,650,common_value_auction,FinalPage,08:18.9,1,,,2635,2,,118,bidder,230,1,99,102,99,198,198,0,250,150,0,,,3,99,230,14,0,24,20,both,1,1,75,125,75,125,150,0,12ztlwsb,,,,,0
14,7zyfm0zz,leeps_12,0,312,650,common_value_auction,FinalPage,08:22.5,1,,,3013,1,,160,auctioneer,211,1,117,120,104,221,221,0,250,150,0,,,1,104,211,14,0,24,20,both,1,1,75,125,75,125,150,0,12ztlwsb,,,,,0
15,vi4wje2c,leeps_1,0,312,650,common_value_auction,FinalPage,08:42.5,1,,,2911,1,,150,auctioneer,200,0,106,98,92,198,198,0,250,150,0,,,4,92,225,14,0,24,20,both,1,1,75,125,75,125,150,0,12ztlwsb,,,,,0
1,zc6zf0b2,leeps_15,0,312,650,common_value_auction,FinalPage,07:45.4,1,,,3021,2,,160,bidder,210,1,109,109,111,220,220,0,250,150,0,,,2,111,210,15,0,24,20,both,1,1,75,125,75,125,150,0,12ztlwsb,,,,,0
2,y1ysnpmf,leeps_6,0,312,650,common_value_auction,FinalPage,07:46.7,1,,,3006,1,,150,auctioneer,192,0,97,114,114,211,211,0,250,150,0,,,3,114,231,15,0,24,20,both,1,1,75,125,75,125,150,0,12ztlwsb,,,,,0
3,2i4f5k6y,leeps_4,0,312,650,common_value_auction,FinalPage,07:46.8,1,,,2762,2,,126,bidder,200,1,89,101,87,176,176,0,250,150,0,,,1,87,200,15,0,24,20,both,1,1,75,125,75,125,150,0,12ztlwsb,,,,,0
4,hsrzvl0w,leeps_8,0,312,650,common_value_auction,FinalPage,07:47.5,1,,,2994,3,,150,bidder,202,0,102,101,111,213,213,0,250,150,0,,,2,111,210,15,0,24,20,both,1,1,75,125,75,125,150,0,12ztlwsb,,,,,0
5,kr07nj36,leeps_11,0,312,650,common_value_auction,FinalPage,07:48.8,1,,,2922,2,,150,bidder,190,0,115,87,93,208,208,0,250,150,0,,,5,93,200,15,0,24,20,both,1,1,75,125,75,125,150,0,12ztlwsb,,,,,0
6,eew7caar,leeps_3,0,312,650,common_value_auction,FinalPage,07:50.8,1,,,2851,1,,150,auctioneer,185,0,115,77,87,202,202,0,250,150,0,,,1,87,200,15,0,24,20,both,1,1,75,125,75,125,150,0,12ztlwsb,,,,,0
7,fjq15ntv,leeps_14,0,312,650,common_value_auction,FinalPage,07:52.8,1,,,2915,1,,150,auctioneer,210,0,100,115,104,204,204,0,250,150,0,,,4,104,236,15,0,24,20,both,1,1,75,125,75,125,150,0,12ztlwsb,,,,,0
8,3g5zkmgk,leeps_2,0,312,650,common_value_auction,FinalPage,07:53.4,1,,,2773,2,,128,bidder,231,1,95,106,114,209,209,0,250,150,0,,,3,114,231,15,0,24,20,both,1,1,75,125,75,125,150,0,12ztlwsb,,,,,0
9,kykk50n7,leeps_10,0,312,650,common_value_auction,FinalPage,07:53.5,1,,,2912,1,,150,auctioneer,207,0,103,124,111,214,214,0,250,150,0,,,2,111,210,15,0,24,20,both,1,1,75,125,75,125,150,0,12ztlwsb,,,,,0
10,1g5dj5yw,leeps_5,0,312,650,common_value_auction,FinalPage,08:00.7,1,,,2887,3,,150,bidder,215,0,85,93,104,189,189,0,250,150,0,,,4,104,236,15,0,24,20,both,1,1,75,125,75,125,150,0,12ztlwsb,,,,,0
11,mt2nc6db,leeps_9,0,312,650,common_value_auction,FinalPage,08:01.5,1,,,2928,1,,150,auctioneer,180,0,88,91,93,181,181,0,250,150,0,,,5,93,200,15,0,24,20,both,1,1,75,125,75,125,150,0,12ztlwsb,,,,,0
12,409zmgnj,leeps_7,0,312,650,common_value_auction,FinalPage,08:04.9,1,,,2851,3,,160,bidder,200,1,117,103,93,210,210,0,250,150,0,,,5,93,200,15,0,24,20,both,1,1,75,125,75,125,150,0,12ztlwsb,,,,,0
13,ylagaewl,leeps_13,0,312,650,common_value_auction,FinalPage,08:18.9,1,,,2635,2,,117,bidder,236,1,99,106,104,203,203,0,250,150,0,,,4,104,236,15,0,24,20,both,1,1,75,125,75,125,150,0,12ztlwsb,,,,,0
14,7zyfm0zz,leeps_12,0,312,650,common_value_auction,FinalPage,08:22.5,1,,,3013,3,,150,bidder,226,0,111,122,114,225,225,0,250,150,0,,,3,114,231,15,0,24,20,both,1,1,75,125,75,125,150,0,12ztlwsb,,,,,0
15,vi4wje2c,leeps_1,0,312,650,common_value_auction,FinalPage,08:42.5,1,,,2911,3,,150,bidder,170,0,107,83,87,194,194,0,250,150,0,,,1,87,200,15,0,24,20,both,1,1,75,125,75,125,150,0,12ztlwsb,,,,,0
1,zc6zf0b2,leeps_15,0,312,650,common_value_auction,FinalPage,07:45.4,1,,,3021,2,,150,bidder,196,0,95,120,100,195,195,0,250,150,0,,,5,100,215,16,0,24,20,both,1,1,75,125,75,125,150,0,12ztlwsb,,,,,0
2,y1ysnpmf,leeps_6,0,312,650,common_value_auction,FinalPage,07:46.7,1,,,3006,3,,150,bidder,213,0,102,86,105,207,207,0,250,150,0,,,3,105,216,16,0,24,20,both,1,1,75,125,75,125,150,0,12ztlwsb,,,,,0
3,2i4f5k6y,leeps_4,0,312,650,common_value_auction,FinalPage,07:46.8,1,,,2762,2,,133,bidder,225,1,109,121,99,208,208,0,250,150,0,,,2,99,225,16,0,24,20,both,1,1,75,125,75,125,150,0,12ztlwsb,,,,,0
4,hsrzvl0w,leeps_8,0,312,650,common_value_auction,FinalPage,07:47.5,1,,,2994,3,,150,bidder,176,0,76,114,98,174,174,0,250,150,0,,,1,98,245,16,0,24,20,both,1,1,75,125,75,125,150,0,12ztlwsb,,,,,0
5,kr07nj36,leeps_11,0,312,650,common_value_auction,FinalPage,07:48.8,1,,,2922,1,,158,auctioneer,215,1,123,92,100,223,223,0,250,150,0,,,5,100,215,16,0,24,20,both,1,1,75,125,75,125,150,0,12ztlwsb,,,,,0
6,eew7caar,leeps_3,0,312,650,common_value_auction,FinalPage,07:50.8,1,,,2851,2,,150,bidder,201,0,87,115,100,187,187,0,250,150,0,,,4,100,207,16,0,24,20,both,1,1,75,125,75,125,150,0,12ztlwsb,,,,,0
7,fjq15ntv,leeps_14,0,312,650,common_value_auction,FinalPage,07:52.8,1,,,2915,3,,150,bidder,180,0,85,88,100,185,185,0,250,150,0,,,5,100,215,16,0,24,20,both,1,1,75,125,75,125,150,0,12ztlwsb,,,,,0
8,3g5zkmgk,leeps_2,0,312,650,common_value_auction,FinalPage,07:53.4,1,,,2773,2,,143,bidder,216,1,104,119,105,209,209,0,250,150,0,,,3,105,216,16,0,24,20,both,1,1,75,125,75,125,150,0,12ztlwsb,,,,,0
9,kykk50n7,leeps_10,0,312,650,common_value_auction,FinalPage,07:53.5,1,,,2912,1,,150,auctioneer,200,0,75,80,100,175,175,0,250,150,0,,,4,100,207,16,0,24,20,both,1,1,75,125,75,125,150,0,12ztlwsb,,,,,0
10,1g5dj5yw,leeps_5,0,312,650,common_value_auction,FinalPage,08:00.7,1,,,2887,3,,150,bidder,210,0,88,96,99,187,187,0,250,150,0,,,2,99,225,16,0,24,20,both,1,1,75,125,75,125,150,0,12ztlwsb,,,,,0
11,mt2nc6db,leeps_9,0,312,650,common_value_auction,FinalPage,08:01.5,1,,,2928,3,,129,bidder,207,1,86,105,100,186,186,0,250,150,0,,,4,100,207,16,0,24,20,both,1,1,75,125,75,125,150,0,12ztlwsb,,,,,0
12,409zmgnj,leeps_7,0,312,650,common_value_auction,FinalPage,08:04.9,1,,,2851,1,,150,auctioneer,199,0,86,110,105,191,191,0,250,150,0,,,3,105,216,16,0,24,20,both,1,1,75,125,75,125,150,0,12ztlwsb,,,,,0
13,ylagaewl,leeps_13,0,312,650,common_value_auction,FinalPage,08:18.9,1,,,2635,2,,82,bidder,245,1,79,86,98,177,177,0,250,150,0,,,1,98,245,16,0,24,20,both,1,1,75,125,75,125,150,0,12ztlwsb,,,,,0
14,7zyfm0zz,leeps_12,0,312,650,common_value_auction,FinalPage,08:22.5,1,,,3013,1,,150,auctioneer,181,0,108,82,99,207,207,0,250,150,0,,,2,99,225,16,0,24,20,both,1,1,75,125,75,125,150,0,12ztlwsb,,,,,0
15,vi4wje2c,leeps_1,0,312,650,common_value_auction,FinalPage,08:42.5,1,,,2911,1,,150,auctioneer,190,0,95,95,98,193,193,0,250,150,0,,,1,98,245,16,0,24,20,both,1,1,75,125,75,125,150,0,12ztlwsb,,,,,0
1,zc6zf0b2,leeps_15,0,312,650,common_value_auction,FinalPage,07:45.4,1,,,3021,1,,150,auctioneer,196,0,102,114,102,204,204,0,250,150,0,,,3,102,249,17,0,24,20,both,1,1,75,125,75,125,150,0,12ztlwsb,,,,,0
2,y1ysnpmf,leeps_6,0,312,650,common_value_auction,FinalPage,07:46.7,1,,,3006,3,,138,bidder,196,1,99,93,85,184,184,0,250,150,0,,,4,85,196,17,0,24,20,both,1,1,75,125,75,125,150,0,12ztlwsb,,,,,0
3,2i4f5k6y,leeps_4,0,312,650,common_value_auction,FinalPage,07:46.8,1,,,2762,2,,150,bidder,159,0,94,80,85,179,179,0,250,150,0,,,4,85,196,17,0,24,20,both,1,1,75,125,75,125,150,0,12ztlwsb,,,,,0
4,hsrzvl0w,leeps_8,0,312,650,common_value_auction,FinalPage,07:47.5,1,,,2994,2,,150,bidder,196,0,99,109,108,207,207,0,250,150,0,,,5,108,205,17,0,24,20,both,1,1,75,125,75,125,150,0,12ztlwsb,,,,,0
5,kr07nj36,leeps_11,0,312,650,common_value_auction,FinalPage,07:48.8,1,,,2922,2,,150,bidder,195,0,98,97,102,200,200,0,250,150,0,,,3,102,249,17,0,24,20,both,1,1,75,125,75,125,150,0,12ztlwsb,,,,,0
6,eew7caar,leeps_3,0,312,650,common_value_auction,FinalPage,07:50.8,1,,,2851,3,,150,bidder,221,0,117,109,103,220,220,0,250,150,0,,,1,103,235,17,0,24,20,both,1,1,75,125,75,125,150,0,12ztlwsb,,,,,0
7,fjq15ntv,leeps_14,0,312,650,common_value_auction,FinalPage,07:52.8,1,,,2915,1,,150,auctioneer,220,0,108,89,97,205,205,0,250,150,0,,,2,97,223,17,0,24,20,both,1,1,75,125,75,125,150,0,12ztlwsb,,,,,0
8,3g5zkmgk,leeps_2,0,312,650,common_value_auction,FinalPage,07:53.4,1,,,2773,2,,150,bidder,213,0,103,82,103,206,206,0,250,150,0,,,1,103,235,17,0,24,20,both,1,1,75,125,75,125,150,0,12ztlwsb,,,,,0
9,kykk50n7,leeps_10,0,312,650,common_value_auction,FinalPage,07:53.5,1,,,2912,2,,130,bidder,223,1,106,105,97,203,203,0,250,150,0,,,2,97,223,17,0,24,20,both,1,1,75,125,75,125,150,0,12ztlwsb,,,,,0
10,1g5dj5yw,leeps_5,0,312,650,common_value_auction,FinalPage,08:00.7,1,,,2887,1,,141,auctioneer,235,1,123,118,103,226,226,0,250,150,0,,,1,103,235,17,0,24,20,both,1,1,75,125,75,125,150,0,12ztlwsb,,,,,0
11,mt2nc6db,leeps_9,0,312,650,common_value_auction,FinalPage,08:01.5,1,,,2928,3,,150,bidder,176,0,121,99,97,218,218,0,250,150,0,,,2,97,223,17,0,24,20,both,1,1,75,125,75,125,150,0,12ztlwsb,,,,,0
12,409zmgnj,leeps_7,0,312,650,common_value_auction,FinalPage,08:04.9,1,,,2851,3,,165,bidder,205,1,112,103,108,220,220,0,250,150,0,,,5,108,205,17,0,24,20,both,1,1,75,125,75,125,150,0,12ztlwsb,,,,,0
13,ylagaewl,leeps_13,0,312,650,common_value_auction,FinalPage,08:18.9,1,,,2635,3,,84,bidder,249,1,81,96,102,183,183,0,250,150,0,,,3,102,249,17,0,24,20,both,1,1,75,125,75,125,150,0,12ztlwsb,,,,,0
14,7zyfm0zz,leeps_12,0,312,650,common_value_auction,FinalPage,08:22.5,1,,,3013,1,,150,auctioneer,160,0,76,113,108,184,184,0,250,150,0,,,5,108,205,17,0,24,20,both,1,1,75,125,75,125,150,0,12ztlwsb,,,,,0
15,vi4wje2c,leeps_1,0,312,650,common_value_auction,FinalPage,08:42.5,1,,,2911,1,,150,auctioneer,160,0,88,84,85,173,173,0,250,150,0,,,4,85,196,17,0,24,20,both,1,1,75,125,75,125,150,0,12ztlwsb,,,,,0
1,zc6zf0b2,leeps_15,0,312,650,common_value_auction,FinalPage,07:45.4,1,,,3021,1,,157,auctioneer,206,1,120,81,93,213,213,0,250,150,0,,,5,93,206,18,0,24,20,both,1,1,75,125,75,125,150,0,12ztlwsb,,,,,0
2,y1ysnpmf,leeps_6,0,312,650,common_value_auction,FinalPage,07:46.7,1,,,3006,1,,150,auctioneer,173,0,87,108,110,197,197,0,250,150,0,,,1,110,225,18,0,24,20,both,1,1,75,125,75,125,150,0,12ztlwsb,,,,,0
3,2i4f5k6y,leeps_4,0,312,650,common_value_auction,FinalPage,07:46.8,1,,,2762,3,,137,bidder,225,1,102,124,110,212,212,0,250,150,0,,,1,110,225,18,0,24,20,both,1,1,75,125,75,125,150,0,12ztlwsb,,,,,0
4,hsrzvl0w,leeps_8,0,312,650,common_value_auction,FinalPage,07:47.5,1,,,2994,1,,150,auctioneer,176,0,78,84,101,179,179,0,250,150,0,,,4,101,239,18,0,24,20,both,1,1,75,125,75,125,150,0,12ztlwsb,,,,,0
5,kr07nj36,leeps_11,0,312,650,common_value_auction,FinalPage,07:48.8,1,,,2922,3,,150,bidder,200,0,110,83,93,203,203,0,250,150,0,,,5,93,206,18,0,24,20,both,1,1,75,125,75,125,150,0,12ztlwsb,,,,,0
6,eew7caar,leeps_3,0,312,650,common_value_auction,FinalPage,07:50.8,1,,,2851,2,,116,bidder,216,1,97,81,85,182,182,0,250,150,0,,,2,85,216,18,0,24,20,both,1,1,75,125,75,125,150,0,12ztlwsb,,,,,0
7,fjq15ntv,leeps_14,0,312,650,common_value_auction,FinalPage,07:52.8,1,,,2915,2,,150,bidder,220,0,118,99,108,226,226,0,250,150,0,,,3,108,238,18,0,24,20,both,1,1,75,125,75,125,150,0,12ztlwsb,,,,,0
8,3g5zkmgk,leeps_2,0,312,650,common_value_auction,FinalPage,07:53.4,1,,,2773,3,,122,bidder,239,1,110,123,101,211,211,0,250,150,0,,,4,101,239,18,0,24,20,both,1,1,75,125,75,125,150,0,12ztlwsb,,,,,0
9,kykk50n7,leeps_10,0,312,650,common_value_auction,FinalPage,07:53.5,1,,,2912,2,,150,bidder,208,0,88,99,110,198,198,0,250,150,0,,,1,110,225,18,0,24,20,both,1,1,75,125,75,125,150,0,12ztlwsb,,,,,0
10,1g5dj5yw,leeps_5,0,312,650,common_value_auction,FinalPage,08:00.7,1,,,2887,2,,150,bidder,181,0,79,116,93,172,172,0,250,150,0,,,5,93,206,18,0,24,20,both,1,1,75,125,75,125,150,0,12ztlwsb,,,,,0
11,mt2nc6db,leeps_9,0,312,650,common_value_auction,FinalPage,08:01.5,1,,,2928,1,,150,auctioneer,160,0,75,86,85,160,160,0,250,150,0,,,2,85,216,18,0,24,20,both,1,1,75,125,75,125,150,0,12ztlwsb,,,,,0
12,409zmgnj,leeps_7,0,312,650,common_value_auction,FinalPage,08:04.9,1,,,2851,3,,150,bidder,204,0,91,103,108,199,199,0,250,150,0,,,3,108,238,18,0,24,20,both,1,1,75,125,75,125,150,0,12ztlwsb,,,,,0
13,ylagaewl,leeps_13,0,312,650,common_value_auction,FinalPage,08:18.9,1,,,2635,1,,119,auctioneer,238,1,99,123,108,207,207,0,250,150,0,,,3,108,238,18,0,24,20,both,1,1,75,125,75,125,150,0,12ztlwsb,,,,,0
14,7zyfm0zz,leeps_12,0,312,650,common_value_auction,FinalPage,08:22.5,1,,,3013,3,,150,bidder,182,0,92,89,85,177,177,0,250,150,0,,,2,85,216,18,0,24,20,both,1,1,75,125,75,125,150,0,12ztlwsb,,,,,0
15,vi4wje2c,leeps_1,0,312,650,common_value_auction,FinalPage,08:42.5,1,,,2911,2,,150,bidder,225,0,119,97,101,220,220,0,250,150,0,,,4,101,239,18,0,24,20,both,1,1,75,125,75,125,150,0,12ztlwsb,,,,,0
1,zc6zf0b2,leeps_15,0,312,650,common_value_auction,FinalPage,07:45.4,1,,,3021,2,,150,bidder,200,0,105,97,98,203,203,0,250,150,0,,,5,98,206,19,0,24,20,both,1,1,75,125,75,125,150,0,12ztlwsb,,,,,0
2,y1ysnpmf,leeps_6,0,312,650,common_value_auction,FinalPage,07:46.7,1,,,3006,3,,150,bidder,166,0,77,118,98,175,175,0,250,150,0,,,5,98,206,19,0,24,20,both,1,1,75,125,75,125,150,0,12ztlwsb,,,,,0
3,2i4f5k6y,leeps_4,0,312,650,common_value_auction,FinalPage,07:46.8,1,,,2762,2,,134,bidder,235,1,123,116,96,219,219,0,250,150,0,,,4,96,235,19,0,24,20,both,1,1,75,125,75,125,150,0,12ztlwsb,,,,,0
4,hsrzvl0w,leeps_8,0,312,650,common_value_auction,FinalPage,07:47.5,1,,,2994,3,,150,bidder,221,0,124,82,103,227,227,0,250,150,0,,,3,103,240,19,0,24,20,both,1,1,75,125,75,125,150,0,12ztlwsb,,,,,0
5,kr07nj36,leeps_11,0,312,650,common_value_auction,FinalPage,07:48.8,1,,,2922,1,,150,auctioneer,188,0,91,93,96,187,187,0,250,150,0,,,4,96,235,19,0,24,20,both,1,1,75,125,75,125,150,0,12ztlwsb,,,,,0
6,eew7caar,leeps_3,0,312,650,common_value_auction,FinalPage,07:50.8,1,,,2851,3,,150,bidder,176,0,77,83,82,159,159,0,250,150,0,,,2,82,225,19,0,24,20,both,1,1,75,125,75,125,150,0,12ztlwsb,,,,,0
7,fjq15ntv,leeps_14,0,312,650,common_value_auction,FinalPage,07:52.8,1,,,2915,2,,129,bidder,240,1,116,113,103,219,219,0,250,150,0,,,3,103,240,19,0,24,20,both,1,1,75,125,75,125,150,0,12ztlwsb,,,,,0
8,3g5zkmgk,leeps_2,0,312,650,common_value_auction,FinalPage,07:53.4,1,,,2773,2,,150,bidder,216,0,101,90,82,183,183,0,250,150,0,,,2,82,225,19,0,24,20,both,1,1,75,125,75,125,150,0,12ztlwsb,,,,,0
9,kykk50n7,leeps_10,0,312,650,common_value_auction,FinalPage,07:53.5,1,,,2912,3,,150,bidder,200,0,92,111,113,205,205,0,250,150,0,,,1,113,235,19,0,24,20,both,1,1,75,125,75,125,150,0,12ztlwsb,,,,,0
10,1g5dj5yw,leeps_5,0,312,650,common_value_auction,FinalPage,08:00.7,1,,,2887,3,,150,bidder,230,0,116,80,96,212,212,0,250,150,0,,,4,96,235,19,0,24,20,both,1,1,75,125,75,125,150,0,12ztlwsb,,,,,0
11,mt2nc6db,leeps_9,0,312,650,common_value_auction,FinalPage,08:01.5,1,,,2928,1,,127,auctioneer,235,1,99,122,113,212,212,0,250,150,0,,,1,113,235,19,0,24,20,both,1,1,75,125,75,125,150,0,12ztlwsb,,,,,0
12,409zmgnj,leeps_7,0,312,650,common_value_auction,FinalPage,08:04.9,1,,,2851,2,,150,bidder,214,0,97,107,113,210,210,0,250,150,0,,,1,113,235,19,0,24,20,both,1,1,75,125,75,125,150,0,12ztlwsb,,,,,0
13,ylagaewl,leeps_13,0,312,650,common_value_auction,FinalPage,08:18.9,1,,,2635,1,,150,auctioneer,238,0,115,115,103,218,218,0,250,150,0,,,3,103,240,19,0,24,20,both,1,1,75,125,75,125,150,0,12ztlwsb,,,,,0
14,7zyfm0zz,leeps_12,0,312,650,common_value_auction,FinalPage,08:22.5,1,,,3013,1,,154,auctioneer,206,1,112,81,98,210,210,0,250,150,0,,,5,98,206,19,0,24,20,both,1,1,75,125,75,125,150,0,12ztlwsb,,,,,0
15,vi4wje2c,leeps_1,0,312,650,common_value_auction,FinalPage,08:42.5,1,,,2911,1,,125,auctioneer,225,1,118,75,82,200,200,0,250,150,0,,,2,82,225,19,0,24,20,both,1,1,75,125,75,125,150,0,12ztlwsb,,,,,0
1,zc6zf0b2,leeps_15,0,312,650,common_value_auction,FinalPage,07:45.4,1,,,3021,2,,150,bidder,90,0,123,107,91,214,91,0,125,75,0,,,1,91,118,20,0,24,20,common,1,1,75,125,75,125,150,0,12ztlwsb,,,,,0
2,y1ysnpmf,leeps_6,0,312,650,common_value_auction,FinalPage,07:46.7,1,,,3006,1,,150,auctioneer,92,0,110,114,106,216,106,0,125,75,0,,,3,106,111,20,0,24,20,common,1,1,75,125,75,125,150,0,12ztlwsb,,,,,0
3,2i4f5k6y,leeps_4,0,312,650,common_value_auction,FinalPage,07:46.8,1,,,2762,3,,127,bidder,120,1,105,97,97,202,97,0,125,75,0,,,2,97,120,20,0,24,20,common,1,1,75,125,75,125,150,0,12ztlwsb,,,,,0
4,hsrzvl0w,leeps_8,0,312,650,common_value_auction,FinalPage,07:47.5,1,,,2994,2,,150,bidder,86,0,124,79,90,214,90,0,125,75,0,,,5,90,110,20,0,24,20,common,1,1,75,125,75,125,150,0,12ztlwsb,,,,,0
5,kr07nj36,leeps_11,0,312,650,common_value_auction,FinalPage,07:48.8,1,,,2922,2,,150,bidder,100,0,117,95,97,214,97,0,125,75,0,,,2,97,120,20,0,24,20,common,1,1,75,125,75,125,150,0,12ztlwsb,,,,,0
6,eew7caar,leeps_3,0,312,650,common_value_auction,FinalPage,07:50.8,1,,,2851,1,,117,auctioneer,115,1,76,94,82,158,82,0,125,75,0,,,4,82,115,20,0,24,20,common,1,1,75,125,75,125,150,0,12ztlwsb,,,,,0
7,fjq15ntv,leeps_14,0,312,650,common_value_auction,FinalPage,07:52.8,1,,,2915,2,,150,bidder,90,0,82,104,106,188,106,0,125,75,0,,,3,106,111,20,0,24,20,common,1,1,75,125,75,125,150,0,12ztlwsb,,,,,0
8,3g5zkmgk,leeps_2,0,312,650,common_value_auction,FinalPage,07:53.4,1,,,2773,3,,145,bidder,111,1,116,101,106,222,106,0,125,75,0,,,3,106,111,20,0,24,20,common,1,1,75,125,75,125,150,0,12ztlwsb,,,,,0
9,kykk50n7,leeps_10,0,312,650,common_value_auction,FinalPage,07:53.5,1,,,2912,1,,150,auctioneer,100,0,78,101,97,175,97,0,125,75,0,,,2,97,120,20,0,24,20,common,1,1,75,125,75,125,150,0,12ztlwsb,,,,,0
10,1g5dj5yw,leeps_5,0,312,650,common_value_auction,FinalPage,08:00.7,1,,,2887,2,,150,bidder,110,0,112,76,82,194,82,0,125,75,0,,,4,82,115,20,0,24,20,common,1,1,75,125,75,125,150,0,12ztlwsb,,,,,0
11,mt2nc6db,leeps_9,0,312,650,common_value_auction,FinalPage,08:01.5,1,,,2928,1,,150,auctioneer,89,0,120,85,91,211,91,0,125,75,0,,,1,91,118,20,0,24,20,common,1,1,75,125,75,125,150,0,12ztlwsb,,,,,0
12,409zmgnj,leeps_7,0,312,650,common_value_auction,FinalPage,08:04.9,1,,,2851,3,,150,bidder,109,0,122,77,82,204,82,0,125,75,0,,,4,82,115,20,0,24,20,common,1,1,75,125,75,125,150,0,12ztlwsb,,,,,0
13,ylagaewl,leeps_13,0,312,650,common_value_auction,FinalPage,08:18.9,1,,,2635,3,,123,bidder,118,1,114,82,91,205,91,0,125,75,0,,,1,91,118,20,0,24,20,common,1,1,75,125,75,125,150,0,12ztlwsb,,,,,0
14,7zyfm0zz,leeps_12,0,312,650,common_value_auction,FinalPage,08:22.5,1,,,3013,1,,150,auctioneer,101,0,90,99,90,180,90,0,125,75,0,,,5,90,110,20,0,24,20,common,1,1,75,125,75,125,150,0,12ztlwsb,,,,,0
15,vi4wje2c,leeps_1,0,312,650,common_value_auction,FinalPage,08:42.5,1,,,2911,3,,130,bidder,110,1,99,93,90,189,90,0,125,75,0,,,5,90,110,20,0,24,20,common,1,1,75,125,75,125,150,0,12ztlwsb,,,,,0
1,zc6zf0b2,leeps_15,0,312,650,common_value_auction,FinalPage,07:45.4,1,,,3021,1,,150,auctioneer,92,0,118,108,106,224,106,0,125,75,0,,,5,106,110,21,0,24,20,common,1,1,75,125,75,125,150,0,12ztlwsb,,,,,0
2,y1ysnpmf,leeps_6,0,312,650,common_value_auction,FinalPage,07:46.7,1,,,3006,2,,150,bidder,93,0,75,110,107,182,107,0,125,75,0,,,4,107,120,21,0,24,20,common,1,1,75,125,75,125,150,0,12ztlwsb,,,,,0
3,2i4f5k6y,leeps_4,0,312,650,common_value_auction,FinalPage,07:46.8,1,,,2762,3,,137,bidder,120,1,123,90,107,230,107,0,125,75,0,,,4,107,120,21,0,24,20,common,1,1,75,125,75,125,150,0,12ztlwsb,,,,,0
4,hsrzvl0w,leeps_8,0,312,650,common_value_auction,FinalPage,07:47.5,1,,,2994,3,,150,bidder,97,0,109,104,110,219,110,0,125,75,0,,,3,110,115,21,0,24,20,common,1,1,75,125,75,125,150,0,12ztlwsb,,,,,0
5,kr07nj36,leeps_11,0,312,650,common_value_auction,FinalPage,07:48.8,1,,,2922,2,,150,bidder,90,0,80,111,105,185,105,0,125,75,0,,,1,105,115,21,0,24,20,common,1,1,75,125,75,125,150,0,12ztlwsb,,,,,0
6,eew7caar,leeps_3,0,312,650,common_value_auction,FinalPage,07:50.8,1,,,2851,2,,150,bidder,111,0,111,106,110,221,110,0,125,75,0,,,3,110,115,21,0,24,20,common,1,1,75,125,75,125,150,0,12ztlwsb,,,,,0
7,fjq15ntv,leeps_14,0,312,650,common_value_auction,FinalPage,07:52.8,1,,,2915,2,,146,bidder,110,1,93,108,106,199,106,0,125,75,0,,,5,106,110,21,0,24,20,common,1,1,75,125,75,125,150,0,12ztlwsb,,,,,0
8,3g5zkmgk,leeps_2,0,312,650,common_value_auction,FinalPage,07:53.4,1,,,2773,3,,150,bidder,113,0,87,95,105,192,105,0,125,75,0,,,1,105,115,21,0,24,20,common,1,1,75,125,75,125,150,0,12ztlwsb,,,,,0
9,kykk50n7,leeps_10,0,312,650,common_value_auction,FinalPage,07:53.5,1,,,2912,2,,150,bidder,107,0,100,90,96,196,96,0,125,75,0,,,2,96,119,21,0,24,20,common,1,1,75,125,75,125,150,0,12ztlwsb,,,,,0
10,1g5dj5yw,leeps_5,0,312,650,common_value_auction,FinalPage,08:00.7,1,,,2887,1,,140,auctioneer,115,1,79,109,105,184,105,0,125,75,0,,,1,105,115,21,0,24,20,common,1,1,75,125,75,125,150,0,12ztlwsb,,,,,0
11,mt2nc6db,leeps_9,0,312,650,common_value_auction,FinalPage,08:01.5,1,,,2928,1,,150,auctioneer,90,0,98,123,107,205,107,0,125,75,0,,,4,107,120,21,0,24,20,common,1,1,75,125,75,125,150,0,12ztlwsb,,,,,0
12,409zmgnj,leeps_7,0,312,650,common_value_auction,FinalPage,08:04.9,1,,,2851,3,,127,bidder,119,1,83,109,96,179,96,0,125,75,0,,,2,96,119,21,0,24,20,common,1,1,75,125,75,125,150,0,12ztlwsb,,,,,0
13,ylagaewl,leeps_13,0,312,650,common_value_auction,FinalPage,08:18.9,1,,,2635,1,,150,auctioneer,116,0,112,91,96,208,96,0,125,75,0,,,2,96,119,21,0,24,20,common,1,1,75,125,75,125,150,0,12ztlwsb,,,,,0
14,7zyfm0zz,leeps_12,0,312,650,common_value_auction,FinalPage,08:22.5,1,,,3013,3,,150,bidder,101,0,122,102,106,228,106,0,125,75,0,,,5,106,110,21,0,24,20,common,1,1,75,125,75,125,150,0,12ztlwsb,,,,,0
15,vi4wje2c,leeps_1,0,312,650,common_value_auction,FinalPage,08:42.5,1,,,2911,1,,145,auctioneer,115,1,89,121,110,199,110,0,125,75,0,,,3,110,115,21,0,24,20,common,1,1,75,125,75,125,150,0,12ztlwsb,,,,,0
1,zc6zf0b2,leeps_15,0,312,650,common_value_auction,FinalPage,07:45.4,1,,,3021,2,,146,bidder,100,1,109,124,96,205,96,0,125,75,0,,,4,96,100,22,0,24,20,common,1,1,75,125,75,125,150,0,12ztlwsb,,,,,0
2,y1ysnpmf,leeps_6,0,312,650,common_value_auction,FinalPage,07:46.7,1,,,3006,1,,150,auctioneer,76,0,80,78,106,186,106,0,125,75,0,,,1,106,100,22,0,24,20,common,1,1,75,125,75,125,150,0,12ztlwsb,,,,,0
3,2i4f5k6y,leeps_4,0,312,650,common_value_auction,FinalPage,07:46.8,1,,,2762,2,,134,bidder,125,1,112,117,109,221,109,0,125,75,0,,,2,109,125,22,0,24,20,common,1,1,75,125,75,125,150,0,12ztlwsb,,,,,0
4,hsrzvl0w,leeps_8,0,312,650,common_value_auction,FinalPage,07:47.5,1,,,2994,1,,150,auctioneer,86,0,79,79,96,175,96,0,125,75,0,,,4,96,100,22,0,24,20,common,1,1,75,125,75,125,150,0,12ztlwsb,,,,,0
5,kr07nj36,leeps_11,0,312,650,common_value_auction,FinalPage,07:48.8,1,,,2922,3,,150,bidder,85,0,79,86,96,175,96,0,125,75,0,,,4,96,100,22,0,24,20,common,1,1,75,125,75,125,150,0,12ztlwsb,,,,,0
6,eew7caar,leeps_3,0,312,650,common_value_auction,FinalPage,07:50.8,1,,,2851,1,,150,auctioneer,116,0,100,119,109,209,109,0,125,75,0,,,2,109,125,22,0,24,20,common,1,1,75,125,75,125,150,0,12ztlwsb,,,,,0
7,fjq15ntv,leeps_14,0,312,650,common_value_auction,FinalPage,07:52.8,1,,,2915,2,,150,bidder,115,0,123,120,111,234,111,0,125,75,0,,,3,111,117,22,0,24,20,common,1,1,75,125,75,125,150,0,12ztlwsb,,,,,0
8,3g5zkmgk,leeps_2,0,312,650,common_value_auction,FinalPage,07:53.4,1,,,2773,1,,119,auctioneer,115,1,90,91,84,174,84,0,125,75,0,,,5,84,115,22,0,24,20,common,1,1,75,125,75,125,150,0,12ztlwsb,,,,,0
9,kykk50n7,leeps_10,0,312,650,common_value_auction,FinalPage,07:53.5,1,,,2912,3,,150,bidder,111,0,87,81,84,171,84,0,125,75,0,,,5,84,115,22,0,24,20,common,1,1,75,125,75,125,150,0,12ztlwsb,,,,,0
10,1g5dj5yw,leeps_5,0,312,650,common_value_auction,FinalPage,08:00.7,1,,,2887,2,,156,bidder,100,1,85,123,106,191,106,0,125,75,0,,,1,106,100,22,0,24,20,common,1,1,75,125,75,125,150,0,12ztlwsb,,,,,0
11,mt2nc6db,leeps_9,0,312,650,common_value_auction,FinalPage,08:01.5,1,,,2928,3,,150,bidder,86,0,113,117,106,219,106,0,125,75,0,,,1,106,100,22,0,24,20,common,1,1,75,125,75,125,150,0,12ztlwsb,,,,,0
12,409zmgnj,leeps_7,0,312,650,common_value_auction,FinalPage,08:04.9,1,,,2851,2,,150,bidder,109,0,83,80,84,167,84,0,125,75,0,,,5,84,115,22,0,24,20,common,1,1,75,125,75,125,150,0,12ztlwsb,,,,,0
13,ylagaewl,leeps_13,0,312,650,common_value_auction,FinalPage,08:18.9,1,,,2635,3,,150,bidder,108,0,102,93,109,211,109,0,125,75,0,,,2,109,125,22,0,24,20,common,1,1,75,125,75,125,150,0,12ztlwsb,,,,,0
14,7zyfm0zz,leeps_12,0,312,650,common_value_auction,FinalPage,08:22.5,1,,,3013,3,,150,bidder,96,0,96,93,111,207,111,0,125,75,0,,,3,111,117,22,0,24,20,common,1,1,75,125,75,125,150,0,12ztlwsb,,,,,0
15,vi4wje2c,leeps_1,0,312,650,common_value_auction,FinalPage,08:42.5,1,,,2911,1,,144,auctioneer,117,1,102,121,111,213,111,0,125,75,0,,,3,111,117,22,0,24,20,common,1,1,75,125,75,125,150,0,12ztlwsb,,,,,0
1,zc6zf0b2,leeps_15,0,312,650,common_value_auction,FinalPage,07:45.4,1,,,3021,3,,150,bidder,85,0,110,88,90,200,90,0,125,75,0,,,2,90,120,23,0,24,20,common,1,1,75,125,75,125,150,0,12ztlwsb,,,,,0
2,y1ysnpmf,leeps_6,0,312,650,common_value_auction,FinalPage,07:46.7,1,,,3006,2,,150,bidder,92,0,96,110,96,192,96,0,125,75,0,,,5,96,125,23,0,24,20,common,1,1,75,125,75,125,150,0,12ztlwsb,,,,,0
3,2i4f5k6y,leeps_4,0,312,650,common_value_auction,FinalPage,07:46.8,1,,,2762,3,,121,bidder,125,1,109,102,96,205,96,0,125,75,0,,,5,96,125,23,0,24,20,common,1,1,75,125,75,125,150,0,12ztlwsb,,,,,0
4,hsrzvl0w,leeps_8,0,312,650,common_value_auction,FinalPage,07:47.5,1,,,2994,1,,150,auctioneer,98,0,103,106,101,204,101,0,125,75,0,,,4,101,110,23,0,24,20,common,1,1,75,125,75,125,150,0,12ztlwsb,,,,,0
5,kr07nj36,leeps_11,0,312,650,common_value_auction,FinalPage,07:48.8,1,,,2922,3,,150,bidder,80,0,93,76,85,178,85,0,125,75,0,,,3,85,100,23,0,24,20,common,1,1,75,125,75,125,150,0,12ztlwsb,,,,,0
6,eew7caar,leeps_3,0,312,650,common_value_auction,FinalPage,07:50.8,1,,,2851,1,,150,auctioneer,116,0,98,94,90,188,90,0,125,75,0,,,2,90,120,23,0,24,20,common,1,1,75,125,75,125,150,0,12ztlwsb,,,,,0
7,fjq15ntv,leeps_14,0,312,650,common_value_auction,FinalPage,07:52.8,1,,,2915,3,,150,bidder,110,0,93,108,106,199,106,0,125,75,0,,,1,106,119,23,0,24,20,common,1,1,75,125,75,125,150,0,12ztlwsb,,,,,0
8,3g5zkmgk,leeps_2,0,312,650,common_value_auction,FinalPage,07:53.4,1,,,2773,3,,141,bidder,110,1,115,82,101,216,101,0,125,75,0,,,4,101,110,23,0,24,20,common,1,1,75,125,75,125,150,0,12ztlwsb,,,,,0
9,kykk50n7,leeps_10,0,312,650,common_value_auction,FinalPage,07:53.5,1,,,2912,2,,137,bidder,119,1,82,99,106,188,106,0,125,75,0,,,1,106,119,23,0,24,20,common,1,1,75,125,75,125,150,0,12ztlwsb,,,,,0
10,1g5dj5yw,leeps_5,0,312,650,common_value_auction,FinalPage,08:00.7,1,,,2887,2,,120,bidder,120,1,80,90,90,170,90,0,125,75,0,,,2,90,120,23,0,24,20,common,1,1,75,125,75,125,150,0,12ztlwsb,,,,,0
11,mt2nc6db,leeps_9,0,312,650,common_value_auction,FinalPage,08:01.5,1,,,2928,2,,150,bidder,89,0,91,117,101,192,101,0,125,75,0,,,4,101,110,23,0,24,20,common,1,1,75,125,75,125,150,0,12ztlwsb,,,,,0
12,409zmgnj,leeps_7,0,312,650,common_value_auction,FinalPage,08:04.9,1,,,2851,1,,150,auctioneer,119,0,104,112,106,210,106,0,125,75,0,,,1,106,119,23,0,24,20,common,1,1,75,125,75,125,150,0,12ztlwsb,,,,,0
13,ylagaewl,leeps_13,0,312,650,common_value_auction,FinalPage,08:18.9,1,,,2635,1,,150,auctioneer,100,0,96,78,96,192,96,0,125,75,0,,,5,96,125,23,0,24,20,common,1,1,75,125,75,125,150,0,12ztlwsb,,,,,0
14,7zyfm0zz,leeps_12,0,312,650,common_value_auction,FinalPage,08:22.5,1,,,3013,2,,150,bidder,96,0,88,93,85,173,85,0,125,75,0,,,3,85,100,23,0,24,20,common,1,1,75,125,75,125,150,0,12ztlwsb,,,,,0
15,vi4wje2c,leeps_1,0,312,650,common_value_auction,FinalPage,08:42.5,1,,,2911,1,,135,auctioneer,100,1,84,87,85,169,85,0,125,75,0,,,3,85,100,23,0,24,20,common,1,1,75,125,75,125,150,0,12ztlwsb,,,,,0
1,zc6zf0b2,leeps_15,0,312,650,common_value_auction,FinalPage,07:45.4,1,,,3021,1,,150,auctioneer,87,0,91,101,99,190,99,306.1,125,75,0,,,2,99,116,24,0,24,20,common,1,1,75,125,75,125,150,0,12ztlwsb,,,,,0
2,y1ysnpmf,leeps_6,0,312,650,common_value_auction,FinalPage,07:46.7,1,,,3006,2,,150,bidder,86,0,91,101,99,190,99,304.6,125,75,0,,,3,99,109,24,0,24,20,common,1,1,75,125,75,125,150,0,12ztlwsb,,,,,0
3,2i4f5k6y,leeps_4,0,312,650,common_value_auction,FinalPage,07:46.8,1,,,2762,3,,130,bidder,110,1,106,95,90,196,90,280.2,125,75,0,,,5,90,110,24,0,24,20,common,1,1,75,125,75,125,150,0,12ztlwsb,,,,,0
4,hsrzvl0w,leeps_8,0,312,650,common_value_auction,FinalPage,07:47.5,1,,,2994,2,,150,bidder,91,0,102,86,90,192,90,303.4,125,75,0,,,5,90,110,24,0,24,20,common,1,1,75,125,75,125,150,0,12ztlwsb,,,,,0
5,kr07nj36,leeps_11,0,312,650,common_value_auction,FinalPage,07:48.8,1,,,2922,3,,150,bidder,90,0,95,90,99,194,99,296.2,125,75,0,,,2,99,116,24,0,24,20,common,1,1,75,125,75,125,150,0,12ztlwsb,,,,,0
6,eew7caar,leeps_3,0,312,650,common_value_auction,FinalPage,07:50.8,1,,,2851,2,,133,bidder,116,1,86,108,99,185,99,289.1,125,75,0,,,2,99,116,24,0,24,20,common,1,1,75,125,75,125,150,0,12ztlwsb,,,,,0
7,fjq15ntv,leeps_14,0,312,650,common_value_auction,FinalPage,07:52.8,1,,,2915,3,,150,bidder,100,0,98,82,79,177,79,295.5,125,75,0,,,4,79,109,24,0,24,20,common,1,1,75,125,75,125,150,0,12ztlwsb,,,,,0
8,3g5zkmgk,leeps_2,0,312,650,common_value_auction,FinalPage,07:53.4,1,,,2773,3,,140,bidder,109,1,91,101,99,190,99,281.3,125,75,0,,,3,99,109,24,0,24,20,common,1,1,75,125,75,125,150,0,12ztlwsb,,,,,0
9,kykk50n7,leeps_10,0,312,650,common_value_auction,FinalPage,07:53.5,1,,,2912,1,,150,auctioneer,101,0,112,97,99,211,99,295.2,125,75,0,,,3,99,109,24,0,24,20,common,1,1,75,125,75,125,150,0,12ztlwsb,,,,,0
10,1g5dj5yw,leeps_5,0,312,650,common_value_auction,FinalPage,08:00.7,1,,,2887,2,,150,bidder,90,0,120,81,89,209,89,292.7,125,75,0,,,1,89,120,24,0,24,20,common,1,1,75,125,75,125,150,0,12ztlwsb,,,,,0
11,mt2nc6db,leeps_9,0,312,650,common_value_auction,FinalPage,08:01.5,1,,,2928,1,,150,auctioneer,95,0,120,91,90,210,90,296.8,125,75,0,,,5,90,110,24,0,24,20,common,1,1,75,125,75,125,150,0,12ztlwsb,,,,,0
12,409zmgnj,leeps_7,0,312,650,common_value_auction,FinalPage,08:04.9,1,,,2851,2,,120,bidder,109,1,120,82,79,199,79,289.1,125,75,0,,,4,79,109,24,0,24,20,common,1,1,75,125,75,125,150,0,12ztlwsb,,,,,0
13,ylagaewl,leeps_13,0,312,650,common_value_auction,FinalPage,08:18.9,1,,,2635,3,,119,bidder,120,1,115,78,89,204,89,267.5,125,75,0,,,1,89,120,24,0,24,20,common,1,1,75,125,75,125,150,0,12ztlwsb,,,,,0
14,7zyfm0zz,leeps_12,0,312,650,common_value_auction,FinalPage,08:22.5,1,,,3013,1,,150,auctioneer,81,0,99,75,79,178,79,305.3,125,75,0,,,4,79,109,24,0,24,20,common,1,1,75,125,75,125,150,0,12ztlwsb,,,,,0
15,vi4wje2c,leeps_1,0,312,650,common_value_auction,FinalPage,08:42.5,1,,,2911,1,,150,auctioneer,115,0,109,108,89,198,89,295.1,125,75,0,,,1,89,120,24,0,24,20,common,1,1,75,125,75,125,150,0,12ztlwsb,,,,,0
